,0,1,2,3,4,5,label
0,-0.037952118,-0.03837421,-0.021289494,-0.027070513,-0.026550652,-0.013342688,3
1,-0.038040586,-0.038335472,-0.021442147,-0.027095739,-0.026614396,-0.0134197455,3
2,-0.038643394,-0.03651449,-0.019104645,-0.026504809,-0.026099596,-0.0121025,3
3,-0.038805187,-0.036873054,-0.01924848,-0.027069379,-0.026085544,-0.012182804,3
4,-0.039251287,-0.037258543,-0.019684333,-0.027473709,-0.026303353,-0.012402685,3
5,-0.039259896,-0.03732235,-0.019807573,-0.027508095,-0.02642047,-0.012506279,3
6,-0.03894246,-0.037031688,-0.019606527,-0.027450884,-0.026264567,-0.012361371,3
7,-0.03909516,-0.037213683,-0.019708794,-0.027476545,-0.026329197,-0.012449175,3
8,-0.039054733,-0.03790787,-0.020403983,-0.027198983,-0.026381217,-0.012910077,3
9,-0.038339715,-0.037648227,-0.020389186,-0.026946066,-0.026325628,-0.012944475,3
10,-0.038332924,-0.038049407,-0.020713354,-0.026756955,-0.026418284,-0.013201951,3
11,-0.038418487,-0.038257454,-0.02090057,-0.026844483,-0.026549695,-0.013342064,3
12,-0.038582932,-0.038562704,-0.021024467,-0.027037464,-0.02676295,-0.01344172,3
13,-0.038623326,-0.03876917,-0.020979835,-0.027041331,-0.026815355,-0.013426519,3
14,-0.038567718,-0.038823113,-0.02086932,-0.026868295,-0.02665412,-0.0133456625,3
15,-0.038791656,-0.039220463,-0.02089474,-0.027103031,-0.026883334,-0.013377919,3
16,-0.038934037,-0.039321292,-0.020696025,-0.027122473,-0.027000003,-0.013265954,3
17,-0.036941376,-0.037386652,-0.019773368,-0.025764102,-0.025553064,-0.012662706,3
18,-0.0390338,-0.03961184,-0.021081304,-0.027335828,-0.02690945,-0.013419704,3
19,-0.038655765,-0.03912115,-0.020864988,-0.026968464,-0.026684284,-0.01314855,3
20,-0.038436964,-0.038888507,-0.020870136,-0.02687473,-0.026631217,-0.013023089,3
21,-0.037954487,-0.038387585,-0.020851348,-0.026742693,-0.026348332,-0.013144062,3
22,-0.03799378,-0.038552675,-0.021096542,-0.02670222,-0.02614638,-0.012998871,3
23,-0.03778698,-0.038364455,-0.021047762,-0.026505763,-0.025988419,-0.013017879,3
24,-0.037607573,-0.038178876,-0.020898618,-0.026323717,-0.025936352,-0.012943431,3
25,-0.03722972,-0.03779284,-0.020763058,-0.02614616,-0.025847794,-0.013175158,3
26,-0.037617076,-0.038290504,-0.020833092,-0.026335934,-0.026033808,-0.013101545,3
27,-0.038064424,-0.038741987,-0.02103474,-0.026760934,-0.026308147,-0.013220419,3
28,-0.0381687,-0.03873259,-0.02078177,-0.02676499,-0.02642666,-0.013087939,3
29,-0.038524885,-0.039012168,-0.020810729,-0.027059093,-0.026719429,-0.01324607,3
30,-0.038295638,-0.038833506,-0.020654075,-0.02704208,-0.026582332,-0.013144725,3
31,-0.03842905,-0.03887811,-0.020924428,-0.02699826,-0.026570471,-0.013162296,3
32,-0.03826402,-0.03874293,-0.020726979,-0.026747005,-0.02639254,-0.013001221,3
33,-0.038467865,-0.038875185,-0.02072554,-0.02691146,-0.02655796,-0.012960645,3
34,-0.037572827,-0.03790204,-0.020233568,-0.02656489,-0.026029835,-0.012594277,3
35,-0.03804264,-0.038479496,-0.020538718,-0.027007591,-0.02645662,-0.012866863,3
36,-0.037768077,-0.038090087,-0.020778466,-0.026790239,-0.026206888,-0.013029262,3
37,-0.037845634,-0.038137656,-0.02082951,-0.026856743,-0.026335467,-0.013126301,3
38,-0.037839286,-0.03812747,-0.020679506,-0.027030155,-0.026516993,-0.013080618,3
39,-0.038050506,-0.038476985,-0.020535516,-0.027441176,-0.026785308,-0.013014634,3
40,-0.038155604,-0.038449004,-0.020780193,-0.027545502,-0.02686786,-0.013161751,3
41,-0.037653364,-0.03780301,-0.021074165,-0.027362961,-0.0266281,-0.013307257,3
42,-0.037180968,-0.03730902,-0.020888256,-0.027149357,-0.026466817,-0.013150052,3
43,-0.038738515,-0.038843527,-0.021864701,-0.027968222,-0.027468337,-0.01370777,3
44,-0.039112967,-0.039390676,-0.022092637,-0.0278148,-0.027402323,-0.013931185,3
45,-0.040402994,-0.040802673,-0.022663131,-0.028536271,-0.028298069,-0.014302346,3
46,-0.04070162,-0.041060872,-0.022387141,-0.028907072,-0.02879704,-0.014269754,3
47,-0.040701997,-0.041314755,-0.022324411,-0.028599616,-0.028825093,-0.014358287,3
48,-0.04226488,-0.04291337,-0.02324837,-0.029967893,-0.030183418,-0.014901355,3
49,-0.043298166,-0.044058904,-0.024325361,-0.03134208,-0.031352323,-0.015517091,3
50,-0.043058854,-0.04363238,-0.024236653,-0.030733,-0.03092057,-0.01551734,3
51,-0.04301167,-0.043580767,-0.02410715,-0.030597882,-0.0309225,-0.01540573,3
52,-0.041200742,-0.04146076,-0.02331726,-0.028887246,-0.029268984,-0.014617782,3
53,-0.04406498,-0.0443099,-0.024636835,-0.030940065,-0.031169936,-0.015527057,3
54,-0.04528562,-0.04577399,-0.02546451,-0.03177964,-0.03162967,-0.015987646,3
55,-0.046531614,-0.046760842,-0.026038205,-0.032482978,-0.032169476,-0.016280811,3
56,-0.047816083,-0.047448955,-0.027425544,-0.033617385,-0.03324154,-0.017445318,3
57,-0.049317557,-0.04881146,-0.028004715,-0.03454193,-0.03383391,-0.017954523,3
58,-0.048721485,-0.048462976,-0.027686978,-0.034611348,-0.033544444,-0.017711153,3
59,-0.04989536,-0.04966426,-0.028315427,-0.035610635,-0.03475775,-0.01809266,3
60,-0.05000691,-0.050041277,-0.027528146,-0.03572266,-0.034937453,-0.017357515,3
61,-0.051042862,-0.050877556,-0.027882895,-0.036854178,-0.035919793,-0.01785248,3
62,-0.051988266,-0.05214565,-0.028340803,-0.0372864,-0.036338195,-0.017898198,3
63,-0.053328034,-0.053423863,-0.029977873,-0.03862684,-0.03774028,-0.018953905,3
64,-0.05496607,-0.055121623,-0.03085935,-0.03940894,-0.038770225,-0.019557154,3
65,-0.057868272,-0.057962198,-0.031765882,-0.040664196,-0.04048242,-0.019867824,3
66,-0.058086693,-0.05822667,-0.031603433,-0.041017912,-0.04092757,-0.019898392,3
67,-0.061429393,-0.061949816,-0.03500135,-0.044200685,-0.043510083,-0.022027059,3
68,-0.065581545,-0.06603083,-0.037293717,-0.046865914,-0.046338037,-0.023500672,3
69,-0.068334155,-0.06924196,-0.038783737,-0.048660103,-0.049323417,-0.0245017,3
70,-0.07247968,-0.073159255,-0.04120243,-0.05173269,-0.0524546,-0.025982484,3
71,-0.07591606,-0.07667562,-0.04266653,-0.05543254,-0.054819256,-0.026945742,3
72,-0.078237854,-0.078744344,-0.044410598,-0.057153292,-0.056188405,-0.028310202,3
73,-0.08201592,-0.082874894,-0.04563957,-0.058678284,-0.058229625,-0.028890422,3
74,-0.086674936,-0.087481715,-0.048447695,-0.061829444,-0.061213944,-0.03048594,3
75,-0.09243608,-0.092504226,-0.051682062,-0.06600996,-0.06490846,-0.032339852,3
76,-0.10036448,-0.09934772,-0.05520837,-0.07126227,-0.06965956,-0.03472402,3
77,-0.1059538,-0.10534019,-0.05874109,-0.07458729,-0.0727895,-0.037829097,3
78,-0.108788274,-0.10700423,-0.060128123,-0.07559298,-0.07356843,-0.038886454,3
79,-0.11430834,-0.11245903,-0.061535146,-0.08010631,-0.07732846,-0.039824754,3
80,-0.1221266,-0.12169098,-0.06534985,-0.08608017,-0.08279006,-0.042418264,3
81,-0.13007227,-0.13077684,-0.06955132,-0.092164956,-0.08861483,-0.04526579,3
82,-0.13955018,-0.14005122,-0.073515944,-0.098652415,-0.09517242,-0.04782015,3
83,-0.14423549,-0.14442414,-0.076190226,-0.102027684,-0.09872303,-0.049406715,3
84,-0.150781,-0.15127763,-0.079040505,-0.10605155,-0.103432424,-0.051069327,3
85,-0.1545368,-0.15662348,-0.083497845,-0.10954768,-0.10673633,-0.053436134,3
86,-0.1578151,-0.15958908,-0.085065305,-0.11169537,-0.10869264,-0.054722916,3
87,-0.16215141,-0.16426925,-0.08812405,-0.11566989,-0.11198752,-0.056562055,3
88,-0.16347145,-0.16532303,-0.08998385,-0.117406346,-0.11306353,-0.057775926,3
89,-0.16775481,-0.1689049,-0.090771526,-0.11904508,-0.114838146,-0.05815972,3
90,-0.16921353,-0.16956826,-0.08964894,-0.11823715,-0.11441655,-0.05772837,3
91,-0.1654087,-0.16591418,-0.08791868,-0.115128756,-0.111358635,-0.056739904,3
92,-0.1655476,-0.16657338,-0.08478229,-0.115173295,-0.11201083,-0.05487043,3
93,-0.15773194,-0.15954386,-0.08294131,-0.1105577,-0.107177146,-0.053973928,3
94,-0.15131621,-0.15260354,-0.08098576,-0.10572857,-0.1017725,-0.052704263,3
95,-0.14454769,-0.14502643,-0.07836183,-0.10068803,-0.09677019,-0.051226173,3
96,-0.13676462,-0.1375255,-0.07616875,-0.09533297,-0.09152552,-0.04955917,3
97,-0.1295077,-0.13010822,-0.0713234,-0.09092523,-0.08775463,-0.046475273,3
98,-0.121648185,-0.12099157,-0.06595108,-0.085439414,-0.08466602,-0.04257461,3
99,-0.11495391,-0.11442023,-0.06298904,-0.080809794,-0.08059758,-0.040527016,3
100,-0.107625194,-0.106582165,-0.05845833,-0.07463544,-0.074589476,-0.037764747,3
101,-0.10163993,-0.10082601,-0.054993395,-0.06994442,-0.070724405,-0.03560659,3
102,-0.09580175,-0.09576801,-0.051925745,-0.0655774,-0.06601634,-0.03370979,3
103,-0.090298764,-0.091605365,-0.05008802,-0.0634576,-0.062098842,-0.032946065,3
104,-0.083519615,-0.08409638,-0.045629993,-0.05775658,-0.05661321,-0.02973769,3
105,-0.07684218,-0.07741978,-0.041648135,-0.05307709,-0.0516086,-0.027077144,3
106,-0.07257146,-0.07321553,-0.040330898,-0.052074045,-0.050959438,-0.025537204,3
107,-0.06977019,-0.07020699,-0.039098594,-0.05014909,-0.04823795,-0.024836237,3
108,-0.06599311,-0.06614737,-0.037831854,-0.04687582,-0.045327205,-0.024121393,3
109,-0.06229231,-0.06314996,-0.035919636,-0.044244092,-0.042994715,-0.02285373,3
110,-0.05708464,-0.05801466,-0.031653173,-0.03966658,-0.03967275,-0.020023255,3
111,-0.053683005,-0.05424603,-0.02919785,-0.03788715,-0.037804097,-0.0186288,3
112,-0.05160827,-0.05189532,-0.028281344,-0.036146443,-0.036244247,-0.017992985,3
113,-0.049252108,-0.049745876,-0.027492814,-0.03479114,-0.03492115,-0.017511658,3
114,-0.045511756,-0.04612899,-0.025675919,-0.032176703,-0.031965565,-0.016302973,3
115,-0.044396963,-0.044740222,-0.024506913,-0.031215874,-0.030862967,-0.015566539,3
116,-0.04198588,-0.042316914,-0.023128107,-0.029708846,-0.029243696,-0.014527311,3
117,-0.040370546,-0.0407683,-0.022438033,-0.028771741,-0.028182609,-0.014147836,3
118,-0.040585577,-0.040775415,-0.022949394,-0.029083379,-0.028247086,-0.014465332,3
119,-0.039158564,-0.039254006,-0.022244675,-0.027990362,-0.027410477,-0.014106263,3
120,-0.037429053,-0.03736241,-0.021306869,-0.026669824,-0.026336698,-0.013493585,3
121,-0.035579626,-0.03575279,-0.020767326,-0.025842326,-0.025514534,-0.013229437,3
122,-0.034743235,-0.034855943,-0.02018224,-0.025513828,-0.025539072,-0.012864765,3
123,-0.03361205,-0.03377535,-0.019718166,-0.024554623,-0.02496242,-0.012623405,3
124,-0.034042787,-0.034269195,-0.020194855,-0.02487716,-0.025183976,-0.012888668,3
125,-0.034422822,-0.03470793,-0.02030259,-0.025179548,-0.02530289,-0.01287636,3
126,-0.03476692,-0.035103295,-0.01989177,-0.025354011,-0.025378654,-0.012584525,3
127,-0.035238218,-0.0356623,-0.0199825,-0.025448464,-0.025550425,-0.012749906,3
128,-0.035404336,-0.03586283,-0.019827347,-0.025293997,-0.025250733,-0.012615223,3
129,-0.03579662,-0.036309984,-0.02004326,-0.025511224,-0.025440942,-0.01270353,3
130,-0.036302224,-0.036773797,-0.020253519,-0.025855435,-0.025812086,-0.012875744,3
131,-0.037305113,-0.037678108,-0.020708188,-0.02625294,-0.025950938,-0.013075906,3
132,-0.03806889,-0.038349282,-0.021242393,-0.026713975,-0.026523633,-0.0134034185,3
133,-0.038922448,-0.03923966,-0.02174562,-0.027213547,-0.027299695,-0.013733347,3
134,-0.038399592,-0.03865156,-0.021484792,-0.026716104,-0.026728125,-0.013588264,3
135,-0.039387073,-0.039780356,-0.022053296,-0.027568346,-0.027600631,-0.013950607,3
136,-0.040761843,-0.04127289,-0.022818064,-0.02885494,-0.02883184,-0.014414378,3
137,-0.04349253,-0.04382754,-0.024649993,-0.030142553,-0.029960645,-0.015492125,3
138,-0.046617176,-0.04678054,-0.026876034,-0.03242906,-0.03224974,-0.017000357,3
139,-0.04827131,-0.048134048,-0.027825553,-0.03418679,-0.033495996,-0.017568853,3
140,-0.04957734,-0.049340233,-0.027445324,-0.03497096,-0.034567516,-0.017222023,3
141,-0.05124926,-0.051515028,-0.029303417,-0.036362953,-0.035924315,-0.018236607,3
142,-0.054168317,-0.054308217,-0.031228185,-0.038203,-0.03780721,-0.019445194,3
143,-0.059464812,-0.059276268,-0.03380441,-0.043062963,-0.04259014,-0.021590931,3
144,-0.06122932,-0.061505787,-0.03454131,-0.044093482,-0.044653133,-0.022050258,3
145,-0.06580152,-0.0657161,-0.037662186,-0.047470175,-0.047423624,-0.023648787,3
146,-0.06699455,-0.06752024,-0.038767237,-0.048615485,-0.04855636,-0.02412594,3
147,-0.07180051,-0.071920976,-0.042124093,-0.052224714,-0.05179487,-0.026176138,3
148,-0.07743459,-0.07720885,-0.04481321,-0.05493994,-0.05421218,-0.02842937,3
149,-0.08581967,-0.084554866,-0.049121242,-0.060598962,-0.05979654,-0.03133161,3
150,-0.09199687,-0.090402626,-0.05346709,-0.064920686,-0.063272364,-0.0338026,3
151,-0.09641267,-0.09596891,-0.05268423,-0.069128715,-0.06710515,-0.033514217,3
152,-0.09948803,-0.09962549,-0.05599002,-0.07138257,-0.06944797,-0.036103006,3
153,-0.106820785,-0.10739538,-0.05877883,-0.07609188,-0.07449078,-0.03700294,3
154,-0.11394404,-0.116170935,-0.06316291,-0.08004411,-0.07936084,-0.04015777,3
155,-0.1239364,-0.12647173,-0.06894554,-0.087495305,-0.08699592,-0.04400646,3
156,-0.12837963,-0.13019447,-0.0713928,-0.09041784,-0.09099633,-0.04528488,3
157,-0.13225761,-0.13303858,-0.072910756,-0.0937403,-0.09389498,-0.04646869,3
158,-0.13769867,-0.13836807,-0.07640784,-0.09799853,-0.09641719,-0.04876748,3
159,-0.14189944,-0.14285518,-0.07912226,-0.10089395,-0.097848095,-0.050946616,3
160,-0.1491267,-0.14873524,-0.081102386,-0.10289114,-0.09993275,-0.05294194,3
161,-0.1549593,-0.15439314,-0.08616501,-0.10871561,-0.10388231,-0.055744845,3
162,-0.15697873,-0.15665326,-0.08486653,-0.10932493,-0.10374151,-0.054860536,3
163,-0.15540557,-0.15561399,-0.08403182,-0.108308606,-0.10385602,-0.054224897,3
164,-0.15575884,-0.15543659,-0.084162936,-0.10718528,-0.10350157,-0.05439843,3
165,-0.15429382,-0.15477695,-0.0848524,-0.10683111,-0.10302691,-0.054593273,3
166,-0.15104312,-0.15264128,-0.08393525,-0.10488642,-0.10156166,-0.053706113,3
167,-0.14613596,-0.14694044,-0.079523966,-0.10165431,-0.09971384,-0.050657675,3
168,-0.14185475,-0.14226638,-0.07682572,-0.09660788,-0.0965093,-0.0492447,3
169,-0.13732754,-0.13801329,-0.07321584,-0.09289895,-0.09416603,-0.047077965,3
170,-0.12815666,-0.12930349,-0.06812104,-0.085168526,-0.08605504,-0.044639762,3
171,-0.11970426,-0.12153991,-0.06678658,-0.08384785,-0.08227115,-0.043350365,3
172,-0.109795526,-0.111490645,-0.05986427,-0.07613915,-0.07453836,-0.038073905,3
173,-0.10050718,-0.10164855,-0.05432663,-0.0706019,-0.06844765,-0.03502422,3
174,-0.09441882,-0.09515702,-0.05048323,-0.066875994,-0.065185085,-0.03257802,3
175,-0.08974942,-0.0898477,-0.048075065,-0.06301324,-0.062161706,-0.03103012,3
176,-0.08513257,-0.085110225,-0.04726472,-0.05967154,-0.05821042,-0.030279148,3
177,-0.081026725,-0.08153021,-0.044498302,-0.056825094,-0.055330954,-0.028515162,3
178,-0.07498973,-0.07570273,-0.041440886,-0.05272499,-0.051899735,-0.026399111,3
179,-0.06798854,-0.068905644,-0.037375078,-0.04850087,-0.047808442,-0.024233086,3
180,-0.066105165,-0.06643745,-0.035925128,-0.0461171,-0.046398044,-0.022781413,3
181,-0.06273694,-0.06402168,-0.035130523,-0.04453918,-0.044379484,-0.022400847,3
182,-0.058448423,-0.060549982,-0.03237984,-0.041435998,-0.0407214,-0.020802887,3
183,-0.055494796,-0.056598336,-0.030937735,-0.038848594,-0.03814541,-0.020068357,3
184,-0.05349297,-0.054406546,-0.029626455,-0.037906464,-0.037223425,-0.019146224,3
185,-0.051448137,-0.052043997,-0.02880628,-0.036765765,-0.03592339,-0.018582534,3
186,-0.051026918,-0.050935674,-0.028825346,-0.03637709,-0.035582222,-0.018519973,3
187,-0.048574906,-0.048694666,-0.027380241,-0.034660876,-0.034044,-0.017587306,3
188,-0.046377424,-0.04632174,-0.025779728,-0.03202462,-0.031707197,-0.016439918,3
189,-0.043679103,-0.043928172,-0.023929672,-0.03040634,-0.03010113,-0.015240515,3
190,-0.042420805,-0.042650174,-0.02356064,-0.029570647,-0.029524012,-0.015018385,3
191,-0.040872358,-0.041265924,-0.023174886,-0.028605139,-0.028274382,-0.014805453,3
192,-0.0396475,-0.039801806,-0.022022763,-0.027933313,-0.027681714,-0.014109781,3
193,-0.038344827,-0.038749754,-0.021140546,-0.027238632,-0.026794698,-0.013244053,3
194,-0.036345053,-0.036786687,-0.020613816,-0.026275588,-0.025731506,-0.012934536,3
195,-0.035628717,-0.036137488,-0.020180956,-0.02621674,-0.02569392,-0.012730565,3
196,-0.034418527,-0.03525963,-0.019942297,-0.025436414,-0.024996115,-0.012771717,3
197,-0.033066947,-0.03419714,-0.019274684,-0.024374386,-0.024133643,-0.012631065,3
198,-0.033409182,-0.034381006,-0.019549174,-0.02434054,-0.024128603,-0.012597513,3
199,-0.03371985,-0.034452938,-0.019129813,-0.023820283,-0.02406466,-0.012386875,3
200,-0.033513714,-0.034241047,-0.018612755,-0.023267174,-0.02352833,-0.011998248,3
201,-0.03382563,-0.034313254,-0.018636072,-0.023270812,-0.023582425,-0.0119542265,3
202,-0.033765078,-0.03392732,-0.018686296,-0.02332127,-0.023288827,-0.01183924,3
203,-0.03408124,-0.034155145,-0.01858169,-0.023531936,-0.023595799,-0.011780125,3
204,-0.034170292,-0.034222208,-0.01825294,-0.023614459,-0.023744836,-0.011541445,3
205,-0.033915106,-0.03428301,-0.018751921,-0.02417383,-0.023800412,-0.011896813,3
206,-0.034459557,-0.034807548,-0.019152254,-0.024851995,-0.024353247,-0.012108598,3
207,-0.03513341,-0.0354324,-0.01939237,-0.025017843,-0.024666557,-0.012161379,3
208,-0.035708427,-0.036070447,-0.019627247,-0.025346553,-0.024857491,-0.012272625,3
209,-0.036144413,-0.036587175,-0.019627552,-0.025560742,-0.0248681,-0.01221881,3
210,-0.037243664,-0.037520204,-0.021256404,-0.026839752,-0.026047649,-0.013268236,3
211,-0.03865076,-0.038671397,-0.022066299,-0.027609637,-0.027013902,-0.013509353,3
212,-0.04254569,-0.04294906,-0.023904037,-0.030346725,-0.029284274,-0.014849775,3
213,-0.04482709,-0.04534944,-0.025140189,-0.032316647,-0.03188198,-0.016036965,3
214,-0.045500554,-0.045927454,-0.025612913,-0.031748015,-0.032136947,-0.016375115,3
215,-0.04859694,-0.048976403,-0.027402662,-0.034108866,-0.03436212,-0.017479619,3
216,-0.049792994,-0.050216936,-0.02832226,-0.035026122,-0.034823414,-0.017765565,3
217,-0.05446683,-0.05455685,-0.031462256,-0.03791669,-0.037569724,-0.019477362,3
218,-0.05895028,-0.05870151,-0.03360952,-0.040873878,-0.0411089,-0.021648604,3
219,-0.064218394,-0.06341875,-0.037223067,-0.045315873,-0.04439769,-0.024060715,3
220,-0.065576576,-0.0657568,-0.03712334,-0.046788327,-0.04555515,-0.023884399,3
221,-0.070015036,-0.07064079,-0.04001394,-0.050381374,-0.048816852,-0.025439356,3
222,-0.07437664,-0.07454205,-0.04297876,-0.053513214,-0.052000728,-0.026939742,3
223,-0.082194276,-0.08318964,-0.04665914,-0.057577416,-0.057047017,-0.029783424,3
224,-0.08917311,-0.08991248,-0.049414914,-0.06280072,-0.063169844,-0.031082597,3
225,-0.09589669,-0.09615487,-0.053732738,-0.067549735,-0.06830135,-0.03380673,3
226,-0.10087503,-0.10061979,-0.056302868,-0.0719387,-0.072359785,-0.03569851,3
227,-0.10685177,-0.10689815,-0.059860017,-0.07498943,-0.0747326,-0.03755484,3
228,-0.11499547,-0.11443848,-0.065998435,-0.0805359,-0.080121584,-0.04099461,3
229,-0.12736203,-0.12564607,-0.07171683,-0.091294594,-0.08956009,-0.044700928,3
230,-0.13813841,-0.13556156,-0.07993835,-0.10085022,-0.0965236,-0.050318915,3
231,-0.14264089,-0.14157027,-0.081268705,-0.10454485,-0.100908965,-0.052394703,3
232,-0.14704604,-0.14735343,-0.08290843,-0.1074388,-0.10312249,-0.053735733,3
233,-0.15653975,-0.15724678,-0.08828932,-0.11229409,-0.10981359,-0.05625562,3
234,-0.16650543,-0.16858189,-0.09254646,-0.118609026,-0.11627634,-0.058882784,3
235,-0.17031702,-0.17274278,-0.09427214,-0.11904961,-0.11725197,-0.06013268,3
236,-0.17218423,-0.17386879,-0.093855865,-0.11839588,-0.11821047,-0.06046759,3
237,-0.17229456,-0.17398058,-0.0939148,-0.118748106,-0.11737391,-0.05978944,3
238,-0.1663447,-0.16752377,-0.09177796,-0.11544436,-0.11321523,-0.05906173,3
239,-0.16000746,-0.16139555,-0.089037165,-0.112520814,-0.1087334,-0.05727164,3
240,-0.15179859,-0.1525112,-0.080739245,-0.10696454,-0.1032738,-0.052287992,3
241,-0.14591356,-0.14673284,-0.07794979,-0.1012999,-0.09728461,-0.050855745,3
242,-0.1377641,-0.13779728,-0.07765076,-0.096342705,-0.09181021,-0.05079065,3
243,-0.12951855,-0.12827754,-0.072568074,-0.09061683,-0.08726772,-0.04691279,3
244,-0.11758424,-0.117398545,-0.064115785,-0.08142441,-0.07991583,-0.041256092,3
245,-0.105819486,-0.10646109,-0.056989063,-0.074131936,-0.073306695,-0.036623172,3
246,-0.09872241,-0.099354774,-0.053246405,-0.0673126,-0.06800731,-0.034091838,3
247,-0.093196884,-0.09408087,-0.050365023,-0.06371716,-0.065063596,-0.03204978,3
248,-0.08926659,-0.09023342,-0.049019214,-0.06167833,-0.062059347,-0.031275116,3
249,-0.08164015,-0.083305925,-0.04538582,-0.05677312,-0.056441788,-0.029307298,3
250,-0.07567288,-0.076345,-0.041205913,-0.052786395,-0.05204394,-0.0264056,3
251,-0.06832671,-0.06814896,-0.038732003,-0.049203504,-0.04779851,-0.024999747,3
252,-0.06567746,-0.06553504,-0.03601232,-0.046963535,-0.046136666,-0.02321701,3
253,-0.06257216,-0.062203504,-0.035198413,-0.04546182,-0.044340033,-0.022930969,3
254,-0.06112898,-0.061068375,-0.03422631,-0.04386958,-0.042808007,-0.021887783,3
255,-0.0562862,-0.05616596,-0.033055607,-0.03992014,-0.03881637,-0.021326616,3
256,-0.052381884,-0.051693693,-0.0289374,-0.037043616,-0.036834985,-0.018264512,3
257,-0.04795916,-0.04767227,-0.026762566,-0.034140058,-0.034119915,-0.017032832,3
258,-0.04730923,-0.047291815,-0.026409404,-0.03387466,-0.033815823,-0.016889885,3
259,-0.044978242,-0.045028552,-0.024988398,-0.031957597,-0.031946544,-0.015966613,3
260,-0.04412823,-0.043979388,-0.023862574,-0.030913163,-0.030575886,-0.01554563,3
261,-0.04203289,-0.041918125,-0.022713631,-0.029576007,-0.029040402,-0.014712916,3
262,-0.040574994,-0.040459994,-0.021637,-0.028641675,-0.028242918,-0.013911329,3
263,-0.03766154,-0.037313156,-0.020685758,-0.026566979,-0.02618066,-0.013472897,3
264,-0.036926907,-0.036612388,-0.02058873,-0.026308347,-0.025543135,-0.013461327,3
265,-0.0356423,-0.035375413,-0.019710194,-0.025313104,-0.024750696,-0.012908369,3
266,-0.034733836,-0.034709934,-0.019332927,-0.024697537,-0.02434664,-0.012690074,3
267,-0.03365119,-0.033932354,-0.018807111,-0.024214363,-0.023740884,-0.012118307,3
268,-0.031953126,-0.032324824,-0.018050527,-0.023413954,-0.0235115,-0.011615591,3
269,-0.030382892,-0.030896725,-0.017729485,-0.022638248,-0.02270075,-0.01136883,3
270,-0.030150365,-0.030502247,-0.017732225,-0.022308972,-0.022400819,-0.011292743,3
271,-0.030187367,-0.030338636,-0.017735036,-0.022153025,-0.022305587,-0.011228316,3
272,-0.030564515,-0.030686613,-0.017452644,-0.02239655,-0.022269893,-0.010989402,3
273,-0.030999998,-0.031246645,-0.01727685,-0.022682033,-0.022475725,-0.010872258,3
274,-0.031008651,-0.031276125,-0.017043507,-0.022222519,-0.021931065,-0.010799812,3
275,-0.031963035,-0.03208016,-0.017577805,-0.022926398,-0.022560757,-0.011118038,3
276,-0.03338872,-0.03360918,-0.018533103,-0.024173828,-0.02371854,-0.011612388,3
277,-0.033817947,-0.033839602,-0.018674668,-0.02422525,-0.023736533,-0.011788725,3
278,-0.034912713,-0.035000414,-0.019068051,-0.025222212,-0.024476087,-0.012047333,3
279,-0.03552077,-0.03540282,-0.019911299,-0.02550302,-0.025007557,-0.012548252,3
280,-0.037618387,-0.037635494,-0.021237465,-0.026695421,-0.026070986,-0.013415229,3
281,-0.040487837,-0.040503528,-0.02212794,-0.028264273,-0.027814861,-0.014046457,3
282,-0.042003397,-0.04267569,-0.023148756,-0.02933681,-0.029186789,-0.014803505,3
283,-0.0451307,-0.045323268,-0.02485262,-0.03158407,-0.03185264,-0.015898485,3
284,-0.04697026,-0.047366634,-0.026018016,-0.03276123,-0.032795034,-0.016597088,3
285,-0.047558516,-0.048160557,-0.02662005,-0.033308633,-0.033293173,-0.0167263,3
286,-0.051554646,-0.051808976,-0.029665278,-0.035924684,-0.035961024,-0.018442007,3
287,-0.05699484,-0.056618296,-0.032439742,-0.040138606,-0.0401941,-0.020390986,3
288,-0.061175387,-0.06076017,-0.035537753,-0.04377182,-0.04290008,-0.022922408,3
289,-0.06260195,-0.06232383,-0.035465043,-0.044490095,-0.04373054,-0.02269286,3
290,-0.06745914,-0.067223184,-0.03925329,-0.048201434,-0.04720206,-0.024848437,3
291,-0.07163355,-0.071894325,-0.040631942,-0.051348586,-0.050748233,-0.025564246,3
292,-0.07886736,-0.079238504,-0.044568032,-0.055603255,-0.055519104,-0.028137686,3
293,-0.08482593,-0.08599116,-0.04676674,-0.06008306,-0.0608722,-0.029586935,3
294,-0.08894979,-0.089120425,-0.049173143,-0.063252255,-0.06378386,-0.031289108,3
295,-0.09729819,-0.09732037,-0.054019663,-0.069687046,-0.07022932,-0.033787854,3
296,-0.10265713,-0.10251935,-0.058142252,-0.072961405,-0.072866544,-0.03641848,3
297,-0.113077134,-0.1121666,-0.063337505,-0.08026955,-0.07911711,-0.039966766,3
298,-0.12401833,-0.122612335,-0.06972996,-0.08884745,-0.08682151,-0.04440608,3
299,-0.12774687,-0.12712929,-0.07216143,-0.092015,-0.089129426,-0.046249848,3
300,-0.13340123,-0.13323024,-0.07600739,-0.09724861,-0.093724295,-0.049305048,3
301,-0.13861872,-0.13943546,-0.079105854,-0.10057924,-0.097856686,-0.05109018,3
302,-0.1439132,-0.1461986,-0.07977037,-0.10320173,-0.10032059,-0.050885934,3
303,-0.15532911,-0.15692192,-0.08434051,-0.108470015,-0.10669554,-0.054802313,3
304,-0.15736842,-0.16098914,-0.087073326,-0.11068854,-0.10928664,-0.05540966,3
305,-0.16213392,-0.16453618,-0.08943487,-0.11316559,-0.11316718,-0.05722593,3
306,-0.16522183,-0.16742684,-0.09103408,-0.11562908,-0.115124375,-0.057554774,3
307,-0.16284084,-0.16434494,-0.08947935,-0.113718614,-0.11270143,-0.056871388,3
308,-0.16375294,-0.16459629,-0.088776566,-0.113545045,-0.11296676,-0.05632458,3
309,-0.15793659,-0.15882169,-0.08584471,-0.110901944,-0.109009705,-0.05460129,3
310,-0.15238088,-0.15352936,-0.08190189,-0.10782276,-0.103910044,-0.052326836,3
311,-0.1451762,-0.14559242,-0.08023399,-0.10314083,-0.09993727,-0.05117933,3
312,-0.14111872,-0.14165308,-0.079831325,-0.101120554,-0.09714834,-0.050907034,3
313,-0.13305423,-0.13179098,-0.07397721,-0.09268724,-0.08949549,-0.048234597,3
314,-0.12515414,-0.12369913,-0.06929751,-0.08809319,-0.08695485,-0.044250444,3
315,-0.115861475,-0.11581889,-0.063974515,-0.08284894,-0.082148135,-0.040674858,3
316,-0.106713064,-0.106430516,-0.058403492,-0.075654596,-0.076152146,-0.037467096,3
317,-0.10018032,-0.09971768,-0.055233892,-0.07038272,-0.071704954,-0.035588607,3
318,-0.09561144,-0.09564846,-0.052887496,-0.06653104,-0.06713578,-0.03438146,3
319,-0.08923491,-0.08967366,-0.048605215,-0.06136871,-0.06176394,-0.031896055,3
320,-0.0840489,-0.0841445,-0.04414185,-0.057847988,-0.05791557,-0.029387372,3
321,-0.07729452,-0.07697794,-0.04189605,-0.05400137,-0.052995827,-0.027173895,3
322,-0.07223332,-0.07200869,-0.039795816,-0.051633675,-0.049948215,-0.026032949,3
323,-0.06879488,-0.06879011,-0.03819221,-0.049162775,-0.04776887,-0.0247488,3
324,-0.066557646,-0.0659966,-0.037447594,-0.04739397,-0.0463962,-0.02403264,3
325,-0.063229874,-0.062111445,-0.036796078,-0.045720253,-0.04433239,-0.02374284,3
326,-0.058362078,-0.058512952,-0.032224238,-0.041923262,-0.04138875,-0.020404803,3
327,-0.053307716,-0.05355725,-0.029791964,-0.038860504,-0.038727373,-0.018817337,3
328,-0.051186275,-0.051702697,-0.028658608,-0.037159413,-0.03735427,-0.018247662,3
329,-0.049278248,-0.04990175,-0.027825896,-0.03544403,-0.03547658,-0.017751364,3
330,-0.04642797,-0.047237907,-0.02619613,-0.033089127,-0.032946795,-0.016577953,3
331,-0.044805974,-0.04542387,-0.025033671,-0.031394962,-0.031125985,-0.015662571,3
332,-0.04199961,-0.0425073,-0.023827761,-0.030042596,-0.029492341,-0.014885109,3
333,-0.041445844,-0.041948866,-0.022915026,-0.029648049,-0.029218549,-0.014626142,3
334,-0.040829398,-0.041295696,-0.022962438,-0.028868522,-0.028209722,-0.014627933,3
335,-0.03993071,-0.040193476,-0.022322439,-0.028086128,-0.027687233,-0.014115557,3
336,-0.03898502,-0.038990792,-0.021869212,-0.02734362,-0.027225545,-0.013895267,3
337,-0.03828489,-0.038268708,-0.021469556,-0.026971968,-0.027084801,-0.01366178,3
338,-0.03793839,-0.038106136,-0.021389248,-0.026695663,-0.026839215,-0.013573309,3
339,-0.037930295,-0.038328547,-0.021430299,-0.026938114,-0.026856314,-0.013431395,3
340,-0.03759859,-0.03791646,-0.02114649,-0.027146742,-0.026802143,-0.013207031,3
341,-0.037870467,-0.038472787,-0.021398667,-0.027884271,-0.027443385,-0.013492657,3
342,-0.03842985,-0.038930174,-0.021917176,-0.0282211,-0.027728122,-0.013746245,3
343,-0.039638408,-0.04032969,-0.022782026,-0.028692555,-0.028229104,-0.014268821,3
344,-0.039246425,-0.039422687,-0.022285495,-0.028260252,-0.02793745,-0.01401966,3
345,-0.04131635,-0.041406814,-0.023094429,-0.029596971,-0.02928019,-0.014271146,3
346,-0.043051172,-0.043157443,-0.024740307,-0.030797135,-0.03028157,-0.015281729,3
347,-0.044956237,-0.04530184,-0.02568151,-0.032061867,-0.031585097,-0.01586714,3
348,-0.048605904,-0.04862826,-0.027678378,-0.034614205,-0.034177683,-0.017232254,3
349,-0.05102327,-0.05181002,-0.029294433,-0.035997808,-0.035628118,-0.018703228,3
350,-0.053284284,-0.054070435,-0.030640049,-0.038405187,-0.038251568,-0.01965847,3
351,-0.056280583,-0.05663289,-0.03189198,-0.040928546,-0.04054022,-0.02040258,3
352,-0.057653043,-0.057741616,-0.031542543,-0.04158891,-0.041699756,-0.019428698,3
353,-0.06017274,-0.060146213,-0.035211213,-0.043788474,-0.043354,-0.022015944,3
354,-0.06652783,-0.066144325,-0.038423903,-0.04725796,-0.047070745,-0.024519773,3
355,-0.07238743,-0.07142417,-0.040987458,-0.05122829,-0.050911088,-0.026281377,3
356,-0.07748898,-0.07625893,-0.042877633,-0.055219144,-0.054089505,-0.027009537,3
357,-0.0812779,-0.080900386,-0.04469579,-0.05893206,-0.057230506,-0.028304944,3
358,-0.086119376,-0.08580675,-0.048623342,-0.06254418,-0.060852215,-0.030545255,3
359,-0.09235563,-0.091805816,-0.052099127,-0.06593932,-0.06575946,-0.033311103,3
360,-0.102767155,-0.10239334,-0.05802279,-0.0735988,-0.072920725,-0.036582097,3
361,-0.111502804,-0.11140817,-0.06211771,-0.07914585,-0.07896238,-0.03942823,3
362,-0.11670708,-0.11627452,-0.06501372,-0.08269962,-0.08303307,-0.041322045,3
363,-0.12341762,-0.12285762,-0.06929786,-0.087602645,-0.086813,-0.044532925,3
364,-0.13076667,-0.13191201,-0.07347505,-0.09393062,-0.09272197,-0.046685286,3
365,-0.14203975,-0.14094347,-0.07933686,-0.099382736,-0.097671896,-0.051568132,3
366,-0.1527968,-0.1516784,-0.08463583,-0.10760211,-0.10452267,-0.053907085,3
367,-0.16026504,-0.1586616,-0.08819192,-0.11318732,-0.109415576,-0.05665875,3
368,-0.1588866,-0.1594466,-0.08834943,-0.11620576,-0.11077108,-0.05642289,3
369,-0.16201551,-0.16267264,-0.08917938,-0.11807255,-0.113279425,-0.056801137,3
370,-0.16446099,-0.165761,-0.090693355,-0.11863284,-0.11540195,-0.057311237,3
371,-0.16717769,-0.16863687,-0.09110702,-0.12038459,-0.117653556,-0.057462197,3
372,-0.1664581,-0.1675654,-0.091350146,-0.119342,-0.11717256,-0.05909311,3
373,-0.16340388,-0.16547652,-0.08779906,-0.115372986,-0.11344915,-0.055896726,3
374,-0.15549825,-0.1576916,-0.084052995,-0.111163534,-0.1083689,-0.0533999,3
375,-0.15186541,-0.15456785,-0.083145425,-0.108987264,-0.10524794,-0.05287525,3
376,-0.14290012,-0.1463386,-0.08000897,-0.10313991,-0.09885435,-0.05102086,3
377,-0.13899466,-0.1406471,-0.07877465,-0.0992368,-0.095083416,-0.050852448,3
378,-0.13282394,-0.13384525,-0.07577842,-0.09376541,-0.08962445,-0.04991712,3
379,-0.1220261,-0.12322119,-0.06860825,-0.08616747,-0.08346881,-0.045407802,3
380,-0.11336837,-0.113806754,-0.06245126,-0.07849015,-0.07763395,-0.040382884,3
381,-0.10367141,-0.1044979,-0.056484357,-0.07265216,-0.071894735,-0.036809094,3
382,-0.09728259,-0.09748037,-0.053068016,-0.06682433,-0.06778135,-0.034551173,3
383,-0.093556456,-0.093672805,-0.050449573,-0.064107955,-0.06505392,-0.03247842,3
384,-0.0893027,-0.089044064,-0.04787985,-0.061277837,-0.061829686,-0.03101006,3
385,-0.08034129,-0.08087434,-0.043357547,-0.055127677,-0.05564939,-0.028439099,3
386,-0.0758823,-0.07604586,-0.040948372,-0.052546214,-0.052351177,-0.026503246,3
387,-0.070368156,-0.069282025,-0.039234225,-0.04981488,-0.04885534,-0.025482537,3
388,-0.06726733,-0.06641175,-0.03717624,-0.047854733,-0.046546467,-0.02420245,3
389,-0.065382406,-0.06535219,-0.035428032,-0.046334025,-0.04516813,-0.022669118,3
390,-0.063179344,-0.063150905,-0.035362408,-0.044799585,-0.04381705,-0.022755126,3
391,-0.06070632,-0.06079262,-0.03492043,-0.043356504,-0.042036932,-0.022341138,3
392,-0.05609555,-0.055884425,-0.032290243,-0.03922923,-0.038071323,-0.02097734,3
393,-0.0519412,-0.05180252,-0.028562434,-0.036361832,-0.03569999,-0.018684072,3
394,-0.04937033,-0.04964685,-0.02708038,-0.034983445,-0.034780346,-0.017791554,3
395,-0.048276596,-0.048380077,-0.026770044,-0.03429325,-0.03432145,-0.017483275,3
396,-0.04612435,-0.046147026,-0.025065787,-0.03224657,-0.03244905,-0.016422661,3
397,-0.044777017,-0.0450493,-0.024559999,-0.031202087,-0.031090103,-0.016034191,3
398,-0.042115223,-0.04236444,-0.023237813,-0.029377013,-0.02913982,-0.015119607,3
399,-0.04066094,-0.040994093,-0.022535833,-0.029304441,-0.028722515,-0.0144562805,3
400,-0.03858919,-0.038604945,-0.02246583,-0.02850719,-0.02769133,-0.014413488,3
401,-0.038130518,-0.03790337,-0.02199592,-0.028008401,-0.027264478,-0.014293961,3
402,-0.03701648,-0.03702582,-0.021407606,-0.027378567,-0.026752505,-0.013914582,3
403,-0.037242282,-0.037424423,-0.021384249,-0.028070617,-0.027193202,-0.013688708,3
404,-0.03682071,-0.037151936,-0.021345137,-0.027585398,-0.02684016,-0.013640153,3
405,-0.036330115,-0.03656576,-0.020599628,-0.02689541,-0.026243713,-0.013117077,3
406,-0.036246765,-0.036586717,-0.020380361,-0.02625609,-0.025884314,-0.013037959,3
407,-0.03594767,-0.03610538,-0.020344362,-0.026091324,-0.02596507,-0.013035855,3
408,-0.036120187,-0.036115225,-0.020162342,-0.025679376,-0.025543995,-0.0128047895,3
409,-0.03706445,-0.037115313,-0.02048272,-0.026270982,-0.026054375,-0.012904124,3
410,-0.037582014,-0.037784953,-0.020549145,-0.02671769,-0.026342701,-0.012942914,3
411,-0.037958458,-0.038537405,-0.021165026,-0.026965063,-0.026482195,-0.013325557,3
412,-0.03870284,-0.039043654,-0.021135563,-0.027385095,-0.027006183,-0.013600535,3
413,-0.0401733,-0.040536053,-0.021822948,-0.028290907,-0.027825417,-0.013869268,3
414,-0.041282553,-0.041561212,-0.023026962,-0.02934198,-0.028906522,-0.014537634,3
415,-0.04139486,-0.041551225,-0.023698337,-0.029523876,-0.028774621,-0.014961291,3
416,-0.04276178,-0.04273533,-0.023950128,-0.030404909,-0.02982712,-0.015017014,3
417,-0.045787264,-0.045607843,-0.025194308,-0.031901818,-0.03171056,-0.015869323,3
418,-0.04911176,-0.049285762,-0.027202796,-0.034075223,-0.033885237,-0.017367134,3
419,-0.052322052,-0.053115815,-0.028991725,-0.036602747,-0.036515992,-0.018705793,3
420,-0.053279802,-0.05360703,-0.030038627,-0.037866253,-0.038037725,-0.019167503,3
421,-0.05647417,-0.05644997,-0.03127328,-0.040287755,-0.040514592,-0.019966334,3
422,-0.05799994,-0.05861544,-0.032335836,-0.04162928,-0.041482896,-0.020246012,3
423,-0.06344059,-0.06345439,-0.03620245,-0.04537883,-0.044865794,-0.02277476,3
424,-0.0693857,-0.0693283,-0.039912272,-0.049835254,-0.048641752,-0.025538512,3
425,-0.074375935,-0.07358527,-0.042343307,-0.0537855,-0.05217876,-0.026675992,3
426,-0.0761684,-0.075661786,-0.041940756,-0.055478144,-0.05393939,-0.026801934,3
427,-0.079417355,-0.078853,-0.045142036,-0.05861659,-0.056361955,-0.028618868,3
428,-0.08464244,-0.08546951,-0.0474807,-0.06123797,-0.05975792,-0.029462367,3
429,-0.091810845,-0.092861645,-0.051216997,-0.06519449,-0.06481017,-0.032580588,3
430,-0.104109704,-0.10529393,-0.05866921,-0.07347231,-0.072104834,-0.03662917,3
431,-0.11289449,-0.114608616,-0.06359875,-0.079390444,-0.078810744,-0.040159814,3
432,-0.11622684,-0.11709581,-0.06535262,-0.08174291,-0.08130606,-0.041508187,3
433,-0.12207718,-0.12177711,-0.06691076,-0.0852424,-0.08546457,-0.042453263,3
434,-0.13180801,-0.13222688,-0.07446821,-0.09397436,-0.093587875,-0.047336873,3
435,-0.13694751,-0.13654286,-0.07741152,-0.096216284,-0.094385475,-0.05025483,3
436,-0.15063295,-0.1498263,-0.083393216,-0.107078984,-0.10418111,-0.053104345,3
437,-0.15567116,-0.15378888,-0.08692615,-0.11044292,-0.106741935,-0.055903103,3
438,-0.15637039,-0.1572335,-0.08868253,-0.11394694,-0.10857978,-0.056622885,3
439,-0.15771696,-0.15932485,-0.08960697,-0.11584333,-0.11094297,-0.05719625,3
440,-0.15983006,-0.16134728,-0.08930325,-0.11677403,-0.11312759,-0.05699043,3
441,-0.16222331,-0.16387594,-0.09014287,-0.116625436,-0.113439016,-0.057628166,3
442,-0.16624871,-0.16754493,-0.09290489,-0.11850309,-0.116207145,-0.0606449,3
443,-0.17026407,-0.1711772,-0.09487061,-0.120239004,-0.11771504,-0.06178543,3
444,-0.17869072,-0.17998722,-0.099652834,-0.12539667,-0.12333528,-0.06462766,3
445,-0.18000585,-0.18081386,-0.10144227,-0.12674488,-0.12483013,-0.065290436,3
446,-0.18480088,-0.18584397,-0.10110102,-0.1296489,-0.12778474,-0.06522484,3
447,-0.1921258,-0.19309273,-0.10485814,-0.13297011,-0.13146605,-0.06744842,3
448,-0.19892083,-0.19932188,-0.109170675,-0.13606688,-0.13633299,-0.07021244,3
449,-0.20803222,-0.20881921,-0.115331575,-0.14452095,-0.1419057,-0.07424721,3
450,-0.22338277,-0.2230128,-0.12220612,-0.15560612,-0.15258758,-0.07883232,3
451,-0.24137592,-0.24156404,-0.13050179,-0.16571319,-0.16356069,-0.08394484,3
452,-0.2549294,-0.25348067,-0.13697752,-0.17616078,-0.17262249,-0.08643707,3
453,-0.25779876,-0.2572727,-0.142691,-0.17923398,-0.17597803,-0.08982588,3
454,-0.2651092,-0.26441473,-0.14606619,-0.18662705,-0.18279502,-0.09223705,3
455,-0.26688015,-0.26814494,-0.1473165,-0.18830156,-0.18102273,-0.091741554,3
456,-0.27146432,-0.27193043,-0.14824945,-0.18804269,-0.18525112,-0.0929104,3
457,-0.26243183,-0.26230025,-0.14364533,-0.18029155,-0.17782155,-0.08989428,3
458,-0.24862628,-0.24824168,-0.13340116,-0.16764271,-0.16710566,-0.08471854,3
459,-0.24261731,-0.24085058,-0.12892032,-0.16409712,-0.16655621,-0.081563406,3
460,-0.22171055,-0.22088733,-0.11836498,-0.15031792,-0.15225984,-0.074157484,3
461,-0.20581399,-0.20677869,-0.11155516,-0.1403549,-0.13756321,-0.07137394,3
462,-0.18977137,-0.19202979,-0.09986664,-0.12913977,-0.12666558,-0.06426887,3
463,-0.17171079,-0.17461133,-0.08999784,-0.118451014,-0.11574272,-0.057654314,3
464,-0.15331788,-0.15658425,-0.081767276,-0.106795296,-0.10491258,-0.052048575,3
465,-0.14211577,-0.14421089,-0.075750135,-0.09941911,-0.0975317,-0.048788834,3
466,-0.1366424,-0.13894148,-0.07285238,-0.096212104,-0.09285559,-0.046850026,3
467,-0.12816563,-0.12928253,-0.070290975,-0.089240916,-0.086465396,-0.04594819,3
468,-0.12158957,-0.12150226,-0.06780349,-0.08515117,-0.083981015,-0.04434997,3
469,-0.11447841,-0.11427291,-0.06257785,-0.079775155,-0.07829491,-0.04066273,3
470,-0.10670462,-0.10657417,-0.056570984,-0.07238861,-0.07233953,-0.037042785,3
471,-0.0976994,-0.09773348,-0.052080665,-0.06687491,-0.06713869,-0.033370815,3
472,-0.09156873,-0.09181052,-0.050420035,-0.063819826,-0.06386796,-0.032347627,3
473,-0.0871727,-0.08665152,-0.04817272,-0.060210176,-0.06091878,-0.030844964,3
474,-0.083581395,-0.08383547,-0.046036292,-0.0580752,-0.058298286,-0.029504681,3
475,-0.07772074,-0.078707844,-0.04176255,-0.05346816,-0.05401238,-0.026823217,3
476,-0.072727084,-0.072890624,-0.03930757,-0.050043967,-0.050142724,-0.025288766,3
477,-0.06759584,-0.067315325,-0.037068408,-0.046954967,-0.046585545,-0.023597542,3
478,-0.06442923,-0.06401372,-0.03580695,-0.04575543,-0.04507972,-0.022755904,3
479,-0.060287558,-0.060263827,-0.034135852,-0.042876862,-0.042310115,-0.021910625,3
480,-0.059456952,-0.059590653,-0.033906326,-0.042270225,-0.041599598,-0.021621922,3
481,-0.05787625,-0.058068093,-0.03356967,-0.040991772,-0.04035316,-0.021340055,3
482,-0.054880608,-0.054969035,-0.03252464,-0.038857315,-0.038111813,-0.020836921,3
483,-0.050603434,-0.050647717,-0.029179664,-0.035754,-0.03523796,-0.018815141,3
484,-0.04787213,-0.04816067,-0.02632612,-0.03370009,-0.03380161,-0.016445413,3
485,-0.046355896,-0.04661205,-0.025355794,-0.03292691,-0.033078715,-0.01599889,3
486,-0.044913948,-0.045400396,-0.025269179,-0.03139588,-0.031607985,-0.015959783,3
487,-0.044105373,-0.04465588,-0.024769427,-0.031090926,-0.031230789,-0.015873471,3
488,-0.041970726,-0.04270388,-0.023612792,-0.030339167,-0.030058531,-0.015276617,3
489,-0.04038181,-0.040342927,-0.022921039,-0.029185245,-0.028283844,-0.014802339,3
490,-0.038246233,-0.037737485,-0.021817166,-0.027740713,-0.027058873,-0.014023517,3
491,-0.03780897,-0.03729443,-0.021473616,-0.027298141,-0.026668563,-0.0137936,3
492,-0.036938637,-0.03653851,-0.021432774,-0.02679368,-0.025858525,-0.013713386,3
493,-0.037717387,-0.03761218,-0.021715704,-0.02744161,-0.026488094,-0.013982459,3
494,-0.036484946,-0.036436778,-0.021196006,-0.026161866,-0.025203528,-0.013846602,3
495,-0.034782354,-0.034793667,-0.019762225,-0.024753911,-0.024099039,-0.013018421,3
496,-0.034749947,-0.034479562,-0.019112328,-0.024906393,-0.024330337,-0.012322447,3
497,-0.033494323,-0.033411816,-0.01880664,-0.024912689,-0.024388578,-0.012134031,3
498,-0.033579614,-0.033430114,-0.018891945,-0.024500268,-0.024301458,-0.012038837,3
499,-0.03339946,-0.03329885,-0.018642232,-0.02424342,-0.024118956,-0.011802833,3
500,-0.03319894,-0.033094503,-0.018556714,-0.023993481,-0.023882285,-0.011704928,3
501,-0.032897,-0.032966696,-0.018532783,-0.023840439,-0.02366945,-0.011597356,3
502,-0.032974694,-0.033040244,-0.018355688,-0.023831965,-0.02362168,-0.011508993,3
503,-0.03269467,-0.032768063,-0.018242804,-0.023679165,-0.023352426,-0.011415566,3
504,-0.032754414,-0.032846257,-0.018191915,-0.023743141,-0.023344021,-0.011358834,3
505,-0.03350343,-0.033638865,-0.018486429,-0.024358217,-0.023825161,-0.011515263,3
506,-0.03430032,-0.034357045,-0.018515257,-0.024971306,-0.02419141,-0.0115236975,3
507,-0.035007223,-0.034902416,-0.019246818,-0.025522135,-0.024792852,-0.012210019,3
508,-0.035136458,-0.035187256,-0.019634224,-0.025754385,-0.024930414,-0.012483467,3
509,-0.035554126,-0.03581886,-0.020051034,-0.026183175,-0.025203722,-0.012570715,3
510,-0.036720127,-0.036745775,-0.020658417,-0.026356202,-0.025887817,-0.013110121,3
511,-0.03842417,-0.038904462,-0.021861078,-0.027283214,-0.026900744,-0.013978888,3
512,-0.042039633,-0.043214407,-0.023960495,-0.030370865,-0.029463215,-0.015365574,3
513,-0.04207214,-0.04277213,-0.023198204,-0.029749665,-0.029885566,-0.014857632,3
514,-0.04601044,-0.046411455,-0.024971435,-0.032119427,-0.033045534,-0.015768625,3
515,-0.04729023,-0.04834763,-0.026814906,-0.033202242,-0.033372726,-0.016843207,3
516,-0.048635572,-0.049328614,-0.027783211,-0.03414389,-0.033987597,-0.017490668,3
517,-0.05279806,-0.052596718,-0.029703598,-0.036682565,-0.03698269,-0.018520202,3
518,-0.057319034,-0.05652714,-0.033278994,-0.040319107,-0.03993911,-0.021243522,3
519,-0.05840691,-0.057579912,-0.03313978,-0.041831497,-0.04092184,-0.021146387,3
520,-0.060707014,-0.060243677,-0.03239143,-0.04405276,-0.04283226,-0.020830149,3
521,-0.06256086,-0.06273808,-0.033716466,-0.045764778,-0.044290315,-0.021707743,3
522,-0.06691575,-0.067520924,-0.035589233,-0.048504766,-0.04721183,-0.023140216,3
523,-0.07297327,-0.07318316,-0.04067181,-0.052123223,-0.05184788,-0.025743993,3
524,-0.07935206,-0.07998841,-0.045745745,-0.05620511,-0.0563656,-0.028930152,3
525,-0.08313335,-0.08309757,-0.045978572,-0.060057204,-0.06031456,-0.029497582,3
526,-0.0861348,-0.085054584,-0.046933237,-0.06168559,-0.06242394,-0.030242408,3
527,-0.09091185,-0.09081601,-0.050861083,-0.064449206,-0.06521563,-0.03202638,3
528,-0.09868948,-0.09767952,-0.05466941,-0.069730036,-0.06804211,-0.03470535,3
529,-0.109084055,-0.10775841,-0.060866043,-0.07610021,-0.0749432,-0.03843241,3
530,-0.11616213,-0.11364254,-0.065455556,-0.081476815,-0.0788713,-0.041525763,3
531,-0.1214249,-0.121356584,-0.06591477,-0.088143736,-0.08446884,-0.04175875,3
532,-0.12755352,-0.12877347,-0.066570126,-0.09351237,-0.088998064,-0.042423207,3
533,-0.1345215,-0.13503204,-0.06857951,-0.09665311,-0.09369386,-0.043366224,3
534,-0.14241467,-0.14301796,-0.07167594,-0.101073585,-0.09989155,-0.045611452,3
535,-0.15017714,-0.15164913,-0.08022622,-0.10416437,-0.102694124,-0.05114958,3
536,-0.15720391,-0.1579568,-0.08619487,-0.10879436,-0.11015712,-0.054131526,3
537,-0.16139786,-0.16154218,-0.085892946,-0.11254455,-0.115578085,-0.054788273,3
538,-0.15840814,-0.15815246,-0.08379119,-0.11072479,-0.11359208,-0.053555623,3
539,-0.15976496,-0.16007458,-0.08432199,-0.11167963,-0.11333254,-0.054717947,3
540,-0.1598065,-0.16032839,-0.08369809,-0.11145549,-0.11168351,-0.05370477,3
541,-0.15677801,-0.15509796,-0.08229321,-0.10731006,-0.106579274,-0.052445628,3
542,-0.15526566,-0.15541098,-0.084474154,-0.108262725,-0.105706304,-0.054332394,3
543,-0.14877446,-0.1485063,-0.08039315,-0.10348577,-0.100097984,-0.0518701,3
544,-0.14728513,-0.14690536,-0.075914554,-0.10131705,-0.098691344,-0.049076494,3
545,-0.13912213,-0.13962509,-0.077500544,-0.097755454,-0.09377502,-0.050424978,3
546,-0.13307315,-0.13236114,-0.075358935,-0.091505684,-0.08766576,-0.049358096,3
547,-0.1249683,-0.1233078,-0.06772076,-0.08591453,-0.08390423,-0.043964982,3
548,-0.11444382,-0.11330465,-0.061013762,-0.07779926,-0.07684408,-0.03921886,3
549,-0.10567735,-0.10545239,-0.056134608,-0.071090765,-0.07067676,-0.03607892,3
550,-0.098006934,-0.09702753,-0.052811578,-0.06576067,-0.06682614,-0.033496376,3
551,-0.09480915,-0.094121575,-0.05117573,-0.06411857,-0.06496354,-0.032808002,3
552,-0.08922165,-0.0900234,-0.047213186,-0.060891494,-0.061467145,-0.03073955,3
553,-0.08244486,-0.08374875,-0.043805443,-0.056436997,-0.056833506,-0.02849428,3
554,-0.0771346,-0.07777078,-0.039254162,-0.052695148,-0.0522902,-0.025797123,3
555,-0.071271986,-0.071508266,-0.036988705,-0.04977653,-0.04887102,-0.023544665,3
556,-0.06908125,-0.06962807,-0.03595132,-0.048846606,-0.04767972,-0.023071298,3
557,-0.065110765,-0.06511334,-0.035762932,-0.046321623,-0.044789433,-0.023079792,3
558,-0.062772155,-0.062882364,-0.03579997,-0.044986386,-0.043597713,-0.023051562,3
559,-0.05963703,-0.05931381,-0.033450615,-0.041295692,-0.04051937,-0.021588648,3
560,-0.05538402,-0.05501075,-0.030337507,-0.037654668,-0.037753113,-0.019024951,3
561,-0.050888862,-0.05120995,-0.02804143,-0.03486078,-0.035263438,-0.017913481,3
562,-0.048910532,-0.049553744,-0.025826542,-0.034277316,-0.034554202,-0.016614908,3
563,-0.048043475,-0.048178993,-0.025199322,-0.033621285,-0.03414612,-0.016113076,3
564,-0.046977397,-0.047255028,-0.025031228,-0.032637548,-0.033205066,-0.0159812,3
565,-0.044236228,-0.044383403,-0.023996184,-0.030765345,-0.030762004,-0.0151750455,3
566,-0.042117167,-0.042195544,-0.023464702,-0.029570341,-0.029187126,-0.014849936,3
567,-0.0402983,-0.040214665,-0.022616033,-0.029100107,-0.028555615,-0.014234129,3
568,-0.038682655,-0.038801715,-0.021796454,-0.028258597,-0.027707903,-0.013816128,3
569,-0.03762215,-0.037896782,-0.0214313,-0.027511021,-0.02686432,-0.013656918,3
570,-0.037860446,-0.038061503,-0.021660956,-0.027446667,-0.026868131,-0.013795766,3
571,-0.03756494,-0.03775968,-0.021514807,-0.026982632,-0.02655449,-0.013684297,3
572,-0.03635572,-0.036650434,-0.020557625,-0.026016269,-0.025837936,-0.01329006,3
573,-0.034772497,-0.03515057,-0.01979371,-0.025555702,-0.02507223,-0.012633656,3
574,-0.034917064,-0.03525574,-0.019705892,-0.025216548,-0.025205597,-0.012620496,3
575,-0.03518383,-0.035340738,-0.019876326,-0.024919182,-0.025079725,-0.012613886,3
576,-0.035409957,-0.035459723,-0.019906871,-0.024985803,-0.024914704,-0.012570762,3
577,-0.03551463,-0.03551363,-0.019764535,-0.024927398,-0.024733696,-0.012433321,3
578,-0.03548945,-0.035599746,-0.019810941,-0.025020996,-0.024785373,-0.012411844,3
579,-0.03567472,-0.035897955,-0.019718556,-0.025069607,-0.024706217,-0.012386529,3
580,-0.036095653,-0.03647549,-0.019986467,-0.025440354,-0.025047932,-0.012529625,3
581,-0.036606576,-0.036998298,-0.020224078,-0.025983125,-0.025455547,-0.012628634,3
582,-0.03710139,-0.03776246,-0.020522121,-0.026430534,-0.025742063,-0.013104707,3
583,-0.037235998,-0.037585143,-0.020601606,-0.026586179,-0.02586227,-0.013264862,3
584,-0.037668794,-0.037865784,-0.02076983,-0.027016085,-0.026164023,-0.013023941,3
585,-0.0381707,-0.038368046,-0.021407781,-0.027425932,-0.026473286,-0.01349986,3
586,-0.039810285,-0.03997607,-0.02270686,-0.028327523,-0.02758054,-0.014185764,3
587,-0.041805994,-0.04215272,-0.0238152,-0.029602895,-0.028953694,-0.014933242,3
588,-0.04401596,-0.044370044,-0.02518648,-0.03142744,-0.03074435,-0.016012404,3
589,-0.047155116,-0.047715195,-0.026308004,-0.033076372,-0.033007167,-0.016819227,3
590,-0.04761395,-0.048346046,-0.02648141,-0.03390564,-0.03400449,-0.01701072,3
591,-0.050365884,-0.050785113,-0.027808374,-0.035885066,-0.035898812,-0.01782129,3
592,-0.051404532,-0.05197147,-0.028818844,-0.036372334,-0.036648482,-0.01803876,3
593,-0.055234954,-0.055726483,-0.031510446,-0.039370142,-0.039047677,-0.019676141,3
594,-0.059014563,-0.05942988,-0.034281943,-0.04220888,-0.041527245,-0.022079013,3
595,-0.06449113,-0.064023994,-0.03724405,-0.046053905,-0.045061674,-0.023838775,3
596,-0.066936985,-0.06684968,-0.037453156,-0.048809305,-0.047091387,-0.02356588,3
597,-0.06867088,-0.069111645,-0.03771167,-0.049969703,-0.04870703,-0.023765273,3
598,-0.07298566,-0.07272306,-0.041809153,-0.053147268,-0.05185012,-0.0264265,3
599,-0.07959091,-0.08000865,-0.04434256,-0.057175674,-0.056771096,-0.02772406,3
600,-0.086889036,-0.087652504,-0.048756957,-0.061853044,-0.061837185,-0.03070756,3
601,-0.09068737,-0.091460116,-0.05024606,-0.06451903,-0.06522766,-0.031537484,3
602,-0.09843205,-0.09839056,-0.054281767,-0.07052015,-0.07108056,-0.034105577,3
603,-0.104935475,-0.104258426,-0.05979269,-0.07481596,-0.07471071,-0.037730515,3
604,-0.110784754,-0.11021321,-0.063080505,-0.07837368,-0.078379095,-0.03939977,3
605,-0.121011846,-0.11927897,-0.067811035,-0.085532315,-0.08475606,-0.042454727,3
606,-0.12976737,-0.12758075,-0.074347734,-0.09372616,-0.091497585,-0.046443306,3
607,-0.13845953,-0.13662066,-0.07787631,-0.10042747,-0.09663763,-0.04926787,3
608,-0.14523955,-0.1439292,-0.078153715,-0.103436165,-0.10001128,-0.05046073,3
609,-0.1509553,-0.14977594,-0.08468197,-0.10864708,-0.105462074,-0.054448195,3
610,-0.15675442,-0.1571104,-0.088084236,-0.11229319,-0.11050465,-0.056080174,3
611,-0.16362952,-0.16388673,-0.09071631,-0.11684972,-0.11472623,-0.057372507,3
612,-0.1645009,-0.16673738,-0.089971706,-0.11625379,-0.114432186,-0.057997845,3
613,-0.17080703,-0.17235705,-0.093081795,-0.119604185,-0.1181296,-0.059758417,3
614,-0.17408936,-0.17516403,-0.09444491,-0.121323965,-0.119269334,-0.060374036,3
615,-0.17251208,-0.17350194,-0.09420455,-0.12051279,-0.11736335,-0.060313284,3
616,-0.16825575,-0.16868226,-0.09220167,-0.11729215,-0.114319295,-0.059035745,3
617,-0.16408141,-0.16471086,-0.085038245,-0.11365199,-0.110383004,-0.054877203,3
618,-0.1570257,-0.15833527,-0.08085102,-0.11001855,-0.10767372,-0.051947743,3
619,-0.15163685,-0.15294386,-0.07966909,-0.106349714,-0.103549525,-0.05134243,3
620,-0.14241607,-0.14343068,-0.07949221,-0.0977025,-0.094398364,-0.051958762,3
621,-0.12929223,-0.13075386,-0.07222861,-0.08837306,-0.08503596,-0.04716654,3
622,-0.11744338,-0.11896759,-0.06553668,-0.08036173,-0.07896222,-0.04248953,3
623,-0.10833191,-0.109514244,-0.05868063,-0.073475644,-0.073794514,-0.03794679,3
624,-0.10395608,-0.10494099,-0.05504135,-0.071511865,-0.07201228,-0.036080472,3
625,-0.09682958,-0.0979807,-0.051491097,-0.06541254,-0.06637607,-0.03391864,3
626,-0.090696245,-0.09236502,-0.049524195,-0.06228502,-0.06288578,-0.03242858,3
627,-0.08479888,-0.08625496,-0.046770364,-0.057952214,-0.058522657,-0.030358613,3
628,-0.08137336,-0.08377451,-0.04475823,-0.056952666,-0.055638544,-0.028858928,3
629,-0.07598381,-0.076853946,-0.041207097,-0.052802715,-0.051934756,-0.026388662,3
630,-0.071371935,-0.07234643,-0.038266197,-0.050112113,-0.04899344,-0.024604084,3
631,-0.06919152,-0.07018307,-0.038113628,-0.048784655,-0.047338985,-0.024286214,3
632,-0.064691104,-0.06443594,-0.03671768,-0.04508395,-0.044050533,-0.023364663,3
633,-0.06138905,-0.06100076,-0.03489634,-0.042909883,-0.04172692,-0.022278232,3
634,-0.05749012,-0.056578387,-0.03219734,-0.039708063,-0.039515927,-0.020569243,3
635,-0.054220323,-0.053903002,-0.03027346,-0.03809316,-0.03831266,-0.019435667,3
636,-0.051879056,-0.05160762,-0.029281206,-0.03635074,-0.036797047,-0.018825505,3
637,-0.049620606,-0.049472183,-0.028083324,-0.0348132,-0.03537946,-0.01819613,3
638,-0.047954913,-0.0482654,-0.026305774,-0.033567943,-0.033824284,-0.01721645,3
639,-0.04530963,-0.046083517,-0.024535669,-0.031790435,-0.031649366,-0.016040862,3
640,-0.043145027,-0.04344653,-0.023858434,-0.029973885,-0.029682392,-0.01551858,3
641,-0.042111054,-0.042245757,-0.023198131,-0.029675404,-0.02921177,-0.014855353,3
642,-0.040736984,-0.040993933,-0.022721516,-0.02905647,-0.028560564,-0.014509632,3
643,-0.04000538,-0.040330287,-0.022208184,-0.02853072,-0.0278877,-0.014131822,3
644,-0.039425597,-0.039784584,-0.021948924,-0.028080577,-0.02756343,-0.013874489,3
645,-0.03809061,-0.03814151,-0.020817121,-0.026548643,-0.02629426,-0.013210419,3
646,-0.036903672,-0.03705917,-0.020217156,-0.025637232,-0.025333572,-0.012875263,3
647,-0.03465592,-0.03475137,-0.019370401,-0.024618205,-0.024495628,-0.012312562,3
648,-0.03452336,-0.03457799,-0.019294214,-0.02511029,-0.024932425,-0.012230287,3
649,-0.033858053,-0.03393708,-0.019244423,-0.024428068,-0.024578743,-0.0122187,3
650,-0.033807404,-0.033922497,-0.019096373,-0.024555217,-0.024617705,-0.012084672,3
651,-0.033426438,-0.033589233,-0.018975504,-0.024266783,-0.02428381,-0.011997775,3
652,-0.033585694,-0.033704847,-0.018860584,-0.024382364,-0.024305841,-0.011930083,3
653,-0.033701155,-0.033771593,-0.01894409,-0.024513822,-0.024361739,-0.011947947,3
654,-0.03429502,-0.034407802,-0.019163912,-0.024471382,-0.0243826,-0.012056307,3
655,-0.03495128,-0.03525175,-0.0192594,-0.0248368,-0.02468449,-0.01212687,3
656,-0.03574542,-0.036043793,-0.019802332,-0.025672698,-0.025089672,-0.01245893,3
657,-0.036325358,-0.03665649,-0.019988826,-0.026064064,-0.025423788,-0.012587227,3
658,-0.037228435,-0.037392933,-0.02069544,-0.02667229,-0.026041193,-0.013068115,3
659,-0.038307853,-0.038142767,-0.02172471,-0.027232705,-0.02675763,-0.013962176,3
660,-0.04003518,-0.04021119,-0.022749694,-0.028323222,-0.027887786,-0.01418142,3
661,-0.04283746,-0.043256626,-0.024499604,-0.030972727,-0.030399427,-0.0155636305,3
662,-0.044151958,-0.044757623,-0.02484284,-0.031231562,-0.031463794,-0.015873685,3
663,-0.04645364,-0.047186855,-0.02629924,-0.033148505,-0.033320334,-0.016779527,3
664,-0.048852667,-0.04947819,-0.027412001,-0.034856882,-0.03500772,-0.017342951,3
665,-0.05021499,-0.050604146,-0.028354578,-0.035386685,-0.03531805,-0.017713806,3
666,-0.054388806,-0.05455752,-0.030895198,-0.038281728,-0.037690524,-0.019199103,3
667,-0.05944357,-0.059059154,-0.03424884,-0.04189184,-0.041240457,-0.021370178,3
668,-0.062241446,-0.06169604,-0.03631458,-0.04385751,-0.042722024,-0.023294184,3
669,-0.064235486,-0.06424506,-0.03586729,-0.045526505,-0.04462973,-0.022864895,3
670,-0.066603325,-0.06734669,-0.03779813,-0.048185833,-0.047035944,-0.023967458,3
671,-0.070181064,-0.07113657,-0.04033777,-0.05032866,-0.049191117,-0.025466671,3
672,-0.07693078,-0.0774048,-0.04379252,-0.05536106,-0.054715384,-0.027470367,3
673,-0.08220689,-0.08321828,-0.04607927,-0.05832355,-0.05860863,-0.02903955,3
674,-0.08827407,-0.08901517,-0.04966276,-0.06290877,-0.0634021,-0.03128064,3
675,-0.093394555,-0.09319807,-0.052288286,-0.067124136,-0.06759168,-0.033160858,3
676,-0.0992888,-0.099160686,-0.056183826,-0.070973344,-0.07100015,-0.035480034,3
677,-0.10678088,-0.106667474,-0.059609223,-0.076416135,-0.07545966,-0.037622314,3
678,-0.11534641,-0.11513862,-0.06454454,-0.08213014,-0.08110152,-0.040959883,3
679,-0.12591757,-0.12499067,-0.072217226,-0.091009766,-0.08747161,-0.045896493,3
680,-0.13237277,-0.1319953,-0.07378087,-0.09559034,-0.092697695,-0.047810704,3
681,-0.13791557,-0.1380754,-0.07690382,-0.09858059,-0.0955101,-0.049865395,3
682,-0.14519529,-0.1459348,-0.07903359,-0.10282266,-0.10094362,-0.050187718,3
683,-0.15448739,-0.15397206,-0.08042441,-0.106910326,-0.105756804,-0.052560575,3
684,-0.16141468,-0.16407831,-0.085953765,-0.11223018,-0.110692464,-0.054927997,3
685,-0.16313802,-0.1654805,-0.08507474,-0.11203569,-0.11269288,-0.054843165,3
686,-0.16915293,-0.17033835,-0.09044337,-0.11629993,-0.11667672,-0.057842422,3
687,-0.16979067,-0.17022899,-0.09062925,-0.11625967,-0.11472818,-0.057905264,3
688,-0.17368475,-0.17363894,-0.09191099,-0.11772189,-0.11729346,-0.059317827,3
689,-0.17220962,-0.17225456,-0.09291936,-0.11859298,-0.116093755,-0.059635174,3
690,-0.16784589,-0.16727689,-0.09044231,-0.11531316,-0.11256371,-0.058191616,3
691,-0.16480227,-0.16427734,-0.08947443,-0.11455343,-0.110531025,-0.057978615,3
692,-0.16239582,-0.16180141,-0.08387263,-0.11304365,-0.10869425,-0.054175366,3
693,-0.15306509,-0.15312202,-0.07904041,-0.10668892,-0.10212704,-0.050988473,3
694,-0.14874683,-0.14924376,-0.080167264,-0.1032332,-0.09812862,-0.052008517,3
695,-0.13754734,-0.13702695,-0.077953175,-0.09647922,-0.09131376,-0.050549306,3
696,-0.12724397,-0.12679204,-0.07066017,-0.08897787,-0.08567154,-0.04578083,3
697,-0.115064226,-0.11440722,-0.0619851,-0.07797002,-0.07789357,-0.0406196,3
698,-0.10824559,-0.107555576,-0.05760527,-0.07571637,-0.07573518,-0.03713515,3
699,-0.09995505,-0.0993736,-0.053234987,-0.06934397,-0.07020347,-0.03404174,3
700,-0.09428752,-0.09393145,-0.05109871,-0.06481489,-0.06560755,-0.032894935,3
701,-0.089454815,-0.089943446,-0.048712365,-0.06142097,-0.061695285,-0.03196625,3
702,-0.082237035,-0.083263524,-0.044994798,-0.056725338,-0.05638119,-0.029509872,3
703,-0.07766376,-0.0787191,-0.04151449,-0.05476402,-0.05341327,-0.027452875,3
704,-0.072277725,-0.07249588,-0.038656596,-0.05068804,-0.04990229,-0.025089977,3
705,-0.068555474,-0.06882697,-0.03589542,-0.04832044,-0.047476493,-0.023376064,3
706,-0.06617192,-0.0664874,-0.03522382,-0.046633985,-0.045708913,-0.022745159,3
707,-0.063746445,-0.063734904,-0.035415635,-0.044610433,-0.043834124,-0.022832733,3
708,-0.059162308,-0.059149947,-0.033533916,-0.040975045,-0.040654108,-0.022162236,3
709,-0.05400727,-0.054063357,-0.029433636,-0.037083793,-0.03747187,-0.01911215,3
710,-0.051256444,-0.05131505,-0.027723372,-0.036028843,-0.0365226,-0.01807351,3
711,-0.04967743,-0.04951798,-0.026844043,-0.03502579,-0.035507996,-0.017361986,3
712,-0.04761529,-0.047566384,-0.025649007,-0.033614714,-0.03356574,-0.01658509,3
713,-0.0449453,-0.045104988,-0.024245415,-0.031357303,-0.031483825,-0.015825639,3
714,-0.042565152,-0.042757984,-0.022888573,-0.029215958,-0.029244186,-0.0148100145,3
715,-0.04144572,-0.041312747,-0.022632716,-0.029269226,-0.028811771,-0.014509464,3
716,-0.040182557,-0.04012848,-0.021920681,-0.028644294,-0.027979994,-0.0140759135,3
717,-0.039122425,-0.039243262,-0.021621881,-0.028148388,-0.027399408,-0.013840187,3
718,-0.03814951,-0.038218513,-0.020969748,-0.027029032,-0.026537774,-0.013462265,3
719,-0.036521938,-0.03653107,-0.01978343,-0.02548059,-0.02511327,-0.012718921,3
720,-0.035062112,-0.03505572,-0.019393567,-0.024655124,-0.024690887,-0.012400235,3
721,-0.034670882,-0.03463087,-0.019076006,-0.024902377,-0.024827302,-0.012267015,3
722,-0.033915747,-0.033849284,-0.018843919,-0.024239386,-0.024392134,-0.012015916,3
723,-0.033918183,-0.033820387,-0.018725213,-0.024406621,-0.024361596,-0.01182502,3
724,-0.034557257,-0.03461141,-0.018897997,-0.02456376,-0.024401173,-0.011849089,3
725,-0.033820916,-0.034029998,-0.018519534,-0.02411626,-0.023876227,-0.011617973,3
726,-0.03429061,-0.034486324,-0.018610032,-0.024243835,-0.024012273,-0.0116771525,3
727,-0.034842394,-0.0349728,-0.018784773,-0.025055002,-0.02447102,-0.011775187,3
728,-0.03548288,-0.035626,-0.019316439,-0.025418933,-0.02478731,-0.012122924,3
729,-0.03638539,-0.036408003,-0.020058366,-0.02600449,-0.02537361,-0.012626813,3
730,-0.036537383,-0.03651,-0.020339444,-0.026149454,-0.025348317,-0.012817293,3
731,-0.037149273,-0.036964394,-0.020720638,-0.026478529,-0.025854899,-0.013073649,3
732,-0.03861054,-0.038579952,-0.021865716,-0.027123122,-0.02655651,-0.013725853,3
733,-0.040642597,-0.04101431,-0.023139317,-0.029181799,-0.028433874,-0.014823101,3
734,-0.042413283,-0.04272537,-0.024034575,-0.029901057,-0.029681668,-0.015407807,3
735,-0.045475345,-0.04559965,-0.025316728,-0.03218237,-0.032199398,-0.016231515,3
736,-0.04633593,-0.04631871,-0.025817635,-0.03258103,-0.03271689,-0.016581105,3
737,-0.04721338,-0.047486793,-0.026748743,-0.03302027,-0.03337024,-0.016920995,3
738,-0.04935412,-0.04955845,-0.028292075,-0.034923982,-0.035149366,-0.01786701,3
739,-0.052908465,-0.052882474,-0.030331787,-0.037117854,-0.0371837,-0.019020895,3
740,-0.056939837,-0.056210678,-0.032932118,-0.039445966,-0.03903613,-0.021426773,3
741,-0.05862798,-0.05823824,-0.033924688,-0.041594103,-0.040553935,-0.021888208,3
742,-0.062264223,-0.06210579,-0.03529598,-0.044023987,-0.04290089,-0.022578996,3
743,-0.065111615,-0.0651716,-0.03804818,-0.04624809,-0.045078702,-0.024302425,3
744,-0.06892499,-0.0695931,-0.039352052,-0.048258472,-0.047915846,-0.02536662,3
745,-0.07378008,-0.07500238,-0.04243295,-0.051634207,-0.05089539,-0.02770082,3
746,-0.080070965,-0.08099802,-0.04491854,-0.055519287,-0.056110628,-0.028693702,3
747,-0.08268997,-0.08400102,-0.04677327,-0.058291435,-0.058922846,-0.02991077,3
748,-0.086733796,-0.087583065,-0.049379278,-0.061858874,-0.06205777,-0.031686246,3
749,-0.09083611,-0.092208736,-0.052104652,-0.065116525,-0.066068865,-0.032847412,3
750,-0.09738047,-0.09751519,-0.056112017,-0.06875383,-0.068547554,-0.035366517,3
751,-0.106305964,-0.1058341,-0.059326004,-0.07506951,-0.074396625,-0.037200674,3
752,-0.116005376,-0.11554317,-0.06645351,-0.08153908,-0.078923605,-0.04292375,3
753,-0.12320428,-0.12265831,-0.06692226,-0.08837984,-0.08504273,-0.043039754,3
754,-0.1262101,-0.12632363,-0.06844127,-0.09057691,-0.08767369,-0.04385736,3
755,-0.13484843,-0.13614258,-0.072176434,-0.096722364,-0.09463603,-0.04554935,3
756,-0.14128801,-0.1426731,-0.07633246,-0.10198264,-0.10074978,-0.047907297,3
757,-0.1463162,-0.14893174,-0.0808071,-0.10457504,-0.10292754,-0.051062822,3
758,-0.15284236,-0.1543419,-0.08338594,-0.10734297,-0.10797205,-0.052819166,3
759,-0.15316685,-0.15494281,-0.08401232,-0.107764065,-0.10804601,-0.053340603,3
760,-0.15616217,-0.15778513,-0.08674128,-0.110860586,-0.11021805,-0.055129055,3
761,-0.15939838,-0.16014068,-0.08898849,-0.11467037,-0.112664275,-0.05684926,3
762,-0.1607397,-0.16043212,-0.08928836,-0.11483978,-0.11293359,-0.056926522,3
763,-0.16090663,-0.160483,-0.0893648,-0.11549512,-0.11309479,-0.05719398,3
764,-0.16166021,-0.1617914,-0.08962815,-0.11546084,-0.11217046,-0.057658844,3
765,-0.15023799,-0.15000245,-0.083808936,-0.10905131,-0.10509282,-0.05389034,3
766,-0.14603803,-0.14712004,-0.07986934,-0.1087327,-0.103116155,-0.05114365,3
767,-0.13871981,-0.13911495,-0.0777036,-0.10307677,-0.097582184,-0.050553847,3
768,-0.13655178,-0.13692021,-0.07401528,-0.0978978,-0.09464719,-0.048241194,3
769,-0.12936263,-0.12881216,-0.07187402,-0.09231453,-0.08975898,-0.046679214,3
770,-0.12233591,-0.12261157,-0.06953885,-0.08778479,-0.08552882,-0.044990886,3
771,-0.11460663,-0.11469034,-0.06336491,-0.0810001,-0.07919281,-0.0401276,3
772,-0.10482452,-0.105615176,-0.057626598,-0.07312676,-0.07282306,-0.03681936,3
773,-0.096790455,-0.09678447,-0.052375317,-0.06706437,-0.06804036,-0.03399929,3
774,-0.09268554,-0.09258275,-0.04998118,-0.06356378,-0.06434858,-0.03269182,3
775,-0.08847946,-0.088923335,-0.048058584,-0.060565323,-0.06040157,-0.031597532,3
776,-0.08241631,-0.08323356,-0.044233102,-0.056230444,-0.05605563,-0.028450808,3
777,-0.0762716,-0.07723096,-0.040901363,-0.052722014,-0.051934462,-0.026553843,3
778,-0.070820205,-0.071619116,-0.03770335,-0.049732056,-0.04846284,-0.024771728,3
779,-0.06735272,-0.068428636,-0.036652554,-0.0477815,-0.046224646,-0.02391286,3
780,-0.066160806,-0.06658737,-0.036512572,-0.04667415,-0.0456984,-0.023600435,3
781,-0.06210028,-0.062240385,-0.035290387,-0.04362222,-0.042997796,-0.022613786,3
782,-0.05915078,-0.059627857,-0.033625968,-0.04034222,-0.039962627,-0.021864133,3
783,-0.054155953,-0.054417253,-0.02965957,-0.036992516,-0.03709547,-0.01890093,3
784,-0.052834388,-0.05323216,-0.02813219,-0.036560096,-0.036472853,-0.017999854,3
785,-0.05148874,-0.051741347,-0.026737712,-0.035080258,-0.034950625,-0.017163383,3
786,-0.049676314,-0.04994656,-0.026803462,-0.03431371,-0.034028787,-0.017174874,3
787,-0.047522504,-0.04830823,-0.026302224,-0.03302902,-0.03277044,-0.016848939,3
788,-0.046724815,-0.047348153,-0.024854766,-0.032507066,-0.032113302,-0.016022166,3
789,-0.045550596,-0.045957554,-0.024883877,-0.03191735,-0.031253282,-0.015946254,3
790,-0.043796636,-0.04406627,-0.023632932,-0.030829487,-0.03043991,-0.015428032,3
791,-0.04279793,-0.042932995,-0.02324937,-0.030215869,-0.029757585,-0.015167997,3
792,-0.041806694,-0.04174233,-0.023224493,-0.029344197,-0.028859716,-0.015109157,3
793,-0.041193303,-0.041072495,-0.023541136,-0.028865753,-0.028437944,-0.0153398635,3
794,-0.040617056,-0.040705558,-0.022562198,-0.02868004,-0.028255573,-0.014694007,3
795,-0.03947758,-0.03967254,-0.021907853,-0.027485685,-0.027344553,-0.014254474,3
796,-0.0388331,-0.039100334,-0.02153566,-0.027266074,-0.026922718,-0.014009577,3
797,-0.03777634,-0.038086597,-0.021080421,-0.026490819,-0.026320206,-0.013655721,3
798,-0.037301056,-0.0376874,-0.020961711,-0.025960555,-0.026119567,-0.013495811,3
799,-0.037691195,-0.03815765,-0.021024914,-0.026221862,-0.026149511,-0.013424286,3
800,-0.037579384,-0.037938397,-0.021019168,-0.026072482,-0.026012609,-0.013269546,3
801,-0.037439726,-0.037689477,-0.020838773,-0.026021963,-0.025897756,-0.0131578185,3
802,-0.037843708,-0.03839541,-0.020829415,-0.0266975,-0.026126059,-0.013065063,3
803,-0.03822374,-0.039008528,-0.021027861,-0.027005604,-0.02638911,-0.013204347,3
804,-0.03788798,-0.038688023,-0.021064773,-0.026908763,-0.026256438,-0.013242765,3
805,-0.038480747,-0.039183334,-0.020898033,-0.027301049,-0.026559884,-0.013152033,3
806,-0.03934934,-0.039828874,-0.021231782,-0.027842186,-0.027123937,-0.013602564,3
807,-0.040001187,-0.040473644,-0.021520464,-0.0282813,-0.027529871,-0.013481395,3
808,-0.039274663,-0.039579723,-0.02161158,-0.02793323,-0.02704241,-0.013493946,3
809,-0.040868696,-0.04095638,-0.022842595,-0.028793933,-0.028113814,-0.014217714,3
810,-0.04197276,-0.042259783,-0.023661163,-0.029472074,-0.02903403,-0.014721687,3
811,-0.04390372,-0.044231117,-0.025036085,-0.030966453,-0.03020988,-0.015598455,3
812,-0.047510285,-0.04804208,-0.026414284,-0.03335321,-0.032771923,-0.016696624,3
813,-0.047143217,-0.04810959,-0.026162691,-0.033162,-0.033609584,-0.016846942,3
814,-0.051122934,-0.05176393,-0.027791517,-0.03570182,-0.035961974,-0.017818734,3
815,-0.05252359,-0.05390876,-0.029623521,-0.036806136,-0.0371135,-0.018876094,3
816,-0.053039,-0.054080654,-0.030515138,-0.03737571,-0.03759684,-0.019251402,3
817,-0.057457104,-0.05825102,-0.032526452,-0.040773094,-0.04060124,-0.020373886,3
818,-0.06302472,-0.062772125,-0.03549986,-0.044022977,-0.043764357,-0.022453003,3
819,-0.065738715,-0.06548846,-0.03699448,-0.046002366,-0.04500327,-0.023989871,3
820,-0.06733288,-0.06736136,-0.036723148,-0.0480693,-0.04691017,-0.023656338,3
821,-0.07010158,-0.07027784,-0.038650252,-0.050481874,-0.04900926,-0.024530062,3
822,-0.073243216,-0.073076524,-0.04245395,-0.052846517,-0.051690828,-0.02730037,3
823,-0.07942062,-0.0792142,-0.044228036,-0.05603445,-0.05562306,-0.027858764,3
824,-0.08630166,-0.086703986,-0.049239196,-0.061662678,-0.060978375,-0.031174907,3
825,-0.08987983,-0.09125392,-0.051529698,-0.06495371,-0.06543715,-0.032975875,3
826,-0.09374872,-0.0941502,-0.053716507,-0.06843977,-0.068663485,-0.03448523,3
827,-0.1004715,-0.10030256,-0.058195118,-0.073315054,-0.07333082,-0.03732055,3
828,-0.10464938,-0.10471696,-0.06034063,-0.07547234,-0.075927965,-0.03830925,3
829,-0.11192929,-0.111415625,-0.06313634,-0.07911546,-0.07899018,-0.04027978,3
830,-0.12206587,-0.12132961,-0.06848082,-0.0860551,-0.0842238,-0.044582903,3
831,-0.13163094,-0.13211708,-0.074875385,-0.09518234,-0.09188018,-0.047884997,3
832,-0.13328788,-0.13395962,-0.07641182,-0.09729311,-0.09345309,-0.049481817,3
833,-0.13719289,-0.13801005,-0.07865524,-0.1001906,-0.09648098,-0.05078438,3
834,-0.13918437,-0.14045484,-0.07715167,-0.100595556,-0.09787321,-0.04889632,3
835,-0.14417538,-0.14484559,-0.07706218,-0.102767505,-0.10068583,-0.049767148,3
836,-0.1473141,-0.1486971,-0.08274562,-0.10568907,-0.10335152,-0.05244964,3
837,-0.14982916,-0.15099229,-0.08335299,-0.107183225,-0.105205275,-0.05275086,3
838,-0.15101044,-0.15180004,-0.08389132,-0.108316615,-0.106272876,-0.05271845,3
839,-0.1490469,-0.14980392,-0.08345676,-0.10751993,-0.10505973,-0.052687306,3
840,-0.14708112,-0.14776985,-0.08168246,-0.10636733,-0.1039795,-0.051636945,3
841,-0.14502892,-0.14586787,-0.078670226,-0.103902996,-0.10071243,-0.049548212,3
842,-0.13539508,-0.1362154,-0.073454455,-0.09830453,-0.09464696,-0.046406556,3
843,-0.13239191,-0.132373,-0.072592795,-0.095048845,-0.092058435,-0.046173964,3
844,-0.12789857,-0.12777328,-0.07002809,-0.08932657,-0.08625383,-0.04498256,3
845,-0.12510398,-0.12571707,-0.070582576,-0.08887085,-0.08552132,-0.045439836,3
846,-0.11592797,-0.116715156,-0.06402441,-0.083098836,-0.0808932,-0.04110877,3
847,-0.104859196,-0.10492693,-0.056460693,-0.07338833,-0.07343048,-0.035981,3
848,-0.09473624,-0.095560856,-0.05182663,-0.06715784,-0.06689842,-0.033108864,3
849,-0.0902727,-0.09112733,-0.049899153,-0.06386553,-0.06379867,-0.031935684,3
850,-0.08646515,-0.08694511,-0.047971208,-0.061140753,-0.060919415,-0.030560222,3
851,-0.081782386,-0.08255217,-0.04512124,-0.057423238,-0.056872863,-0.028935606,3
852,-0.07812726,-0.07868076,-0.041988134,-0.054633047,-0.05383623,-0.026919937,3
853,-0.07111972,-0.07212302,-0.037829835,-0.04967437,-0.049383324,-0.024184218,3
854,-0.06676381,-0.06655387,-0.03717627,-0.047213558,-0.046019174,-0.023976807,3
855,-0.06447565,-0.06457299,-0.034928866,-0.04546355,-0.044596985,-0.022276936,3
856,-0.061619617,-0.061998427,-0.034021325,-0.043178648,-0.0428856,-0.021710956,3
857,-0.060179714,-0.060431905,-0.033965018,-0.041877776,-0.041216012,-0.021733552,3
858,-0.056553975,-0.056603633,-0.0318349,-0.039115213,-0.038565997,-0.020654134,3
859,-0.0539334,-0.053657975,-0.030216191,-0.037414476,-0.036972728,-0.019230593,3
860,-0.04821503,-0.04817337,-0.02660991,-0.03350183,-0.033906087,-0.016980113,3
861,-0.04715784,-0.047202412,-0.026424462,-0.03315973,-0.03351362,-0.016868778,3
862,-0.0461474,-0.046418067,-0.02572039,-0.032390706,-0.032532174,-0.016378367,3
863,-0.04488713,-0.045297332,-0.025069911,-0.03155214,-0.031148924,-0.016003063,3
864,-0.043327726,-0.04386815,-0.02359231,-0.030165546,-0.030083193,-0.0150679685,3
865,-0.042309064,-0.04274844,-0.022842068,-0.02965866,-0.029453022,-0.014488122,3
866,-0.041158866,-0.041294534,-0.022225112,-0.029462453,-0.029074837,-0.014077873,3
867,-0.039410714,-0.03969203,-0.021577632,-0.02846957,-0.027694624,-0.0136529375,3
868,-0.03819486,-0.03857287,-0.021236135,-0.027550403,-0.026840098,-0.013549618,3
869,-0.038328703,-0.038694855,-0.020899324,-0.02708957,-0.02663619,-0.013259415,3
870,-0.0369287,-0.037052218,-0.020454995,-0.025857506,-0.025619028,-0.01334743,3
871,-0.03582897,-0.03605487,-0.019798059,-0.025193235,-0.024931915,-0.012681498,3
872,-0.03546432,-0.03553998,-0.019446345,-0.025149805,-0.024945905,-0.012425283,3
873,-0.03483598,-0.035045713,-0.019256575,-0.024637837,-0.024575537,-0.01222146,3
874,-0.034858745,-0.034956794,-0.019348325,-0.024495365,-0.0246162,-0.01220088,3
875,-0.035080083,-0.035133123,-0.019325608,-0.02494317,-0.024944223,-0.012170305,3
876,-0.034894492,-0.034968622,-0.019251248,-0.025085438,-0.02498729,-0.012077502,3
877,-0.035132773,-0.035270497,-0.019347578,-0.025121812,-0.02499111,-0.012218362,3
878,-0.036042694,-0.036247123,-0.019599473,-0.025723437,-0.025564538,-0.012405688,3
879,-0.03661678,-0.03685723,-0.019891242,-0.026102817,-0.025799928,-0.012477466,3
880,-0.037066676,-0.037281442,-0.020442465,-0.026256822,-0.02570604,-0.012835059,3
881,-0.037404817,-0.037525486,-0.020537026,-0.026433136,-0.025826823,-0.012873536,3
882,-0.038597252,-0.03870661,-0.02184735,-0.027098808,-0.026467884,-0.01371632,3
883,-0.041047752,-0.04125546,-0.023108223,-0.028613243,-0.02798291,-0.01442243,3
884,-0.043664392,-0.044107277,-0.024725579,-0.030734561,-0.029870125,-0.015592673,3
885,-0.047152188,-0.04783535,-0.026233565,-0.033022877,-0.032900825,-0.016668055,3
886,-0.049154054,-0.049721494,-0.027414585,-0.03438024,-0.034404922,-0.01758178,3
887,-0.051319215,-0.052247133,-0.028388552,-0.035773017,-0.035988625,-0.01802265,3
888,-0.053322326,-0.054232307,-0.029653186,-0.037230648,-0.03727164,-0.018424094,3
889,-0.055354632,-0.05602523,-0.03193799,-0.03884164,-0.038445193,-0.019974021,3
890,-0.061775066,-0.06144353,-0.035609417,-0.04376426,-0.043098383,-0.022751655,3
891,-0.06620365,-0.06579802,-0.03816909,-0.046807874,-0.04572206,-0.024666352,3
892,-0.06921685,-0.06919706,-0.039210267,-0.049748283,-0.048358593,-0.025093185,3
893,-0.072365224,-0.07240326,-0.04193341,-0.052837837,-0.051425945,-0.026625773,3
894,-0.07550628,-0.07564937,-0.043912258,-0.0548063,-0.053706966,-0.027769875,3
895,-0.0847514,-0.08473918,-0.04672035,-0.059523385,-0.059609685,-0.028964965,3
896,-0.09329086,-0.09376835,-0.051624093,-0.065407254,-0.065504394,-0.032419614,3
897,-0.09764787,-0.09846113,-0.053603884,-0.06821134,-0.06938008,-0.033972073,3
898,-0.108738974,-0.10826069,-0.05979563,-0.07679263,-0.07709447,-0.038187034,3
899,-0.11535268,-0.11521203,-0.0642142,-0.081316635,-0.08195311,-0.040427495,3
900,-0.12093252,-0.12053077,-0.067530766,-0.08489046,-0.085226536,-0.042443816,3
901,-0.13207512,-0.13096128,-0.073160216,-0.09410248,-0.09296413,-0.046196282,3
902,-0.14383247,-0.14287308,-0.08053202,-0.100598514,-0.098404184,-0.051953707,3
903,-0.1506864,-0.15009332,-0.0830286,-0.10541553,-0.101392195,-0.053804822,3
904,-0.1555035,-0.15525645,-0.085835345,-0.111124985,-0.10637876,-0.055737033,3
905,-0.15944228,-0.15952331,-0.0885023,-0.115247525,-0.111475825,-0.057107598,3
906,-0.16714242,-0.16671312,-0.0882317,-0.119069524,-0.11664316,-0.057212517,3
907,-0.16620168,-0.16703855,-0.09274371,-0.11820451,-0.11606142,-0.058681842,3
908,-0.16841851,-0.17005447,-0.092489585,-0.117461696,-0.11657203,-0.05852884,3
909,-0.17142102,-0.17260209,-0.092716284,-0.11813622,-0.11678424,-0.05925234,3
910,-0.1687549,-0.16959745,-0.091759324,-0.115967624,-0.11462036,-0.05850849,3
911,-0.1649848,-0.1656675,-0.09001093,-0.11431178,-0.11199899,-0.057557516,3
912,-0.16161555,-0.1621665,-0.08746688,-0.110934645,-0.10864633,-0.056225725,3
913,-0.1585562,-0.1594444,-0.08269665,-0.1090412,-0.1058969,-0.053489897,3
914,-0.14950028,-0.15004869,-0.076413795,-0.104579985,-0.10153354,-0.049341407,3
915,-0.14883079,-0.1504767,-0.07810686,-0.102238,-0.097866856,-0.05074357,3
916,-0.13678269,-0.13634317,-0.07586026,-0.09554258,-0.090485156,-0.049392708,3
917,-0.12391573,-0.12389756,-0.06865126,-0.086493246,-0.082878575,-0.044352762,3
918,-0.11202961,-0.111953385,-0.06194771,-0.07893678,-0.076506115,-0.039546065,3
919,-0.10677723,-0.10622601,-0.05736805,-0.07390155,-0.07315299,-0.037006434,3
920,-0.09978707,-0.100041784,-0.054631878,-0.06911121,-0.06875686,-0.03493951,3
921,-0.097604066,-0.09817256,-0.053143628,-0.066008985,-0.06643121,-0.03402631,3
922,-0.08926748,-0.09133935,-0.048423294,-0.060402043,-0.060844127,-0.031552676,3
923,-0.08276129,-0.08506139,-0.04498204,-0.057208966,-0.05700101,-0.029158246,3
924,-0.07684856,-0.07807903,-0.04161366,-0.053218473,-0.05215143,-0.026486434,3
925,-0.07171301,-0.07208754,-0.03910889,-0.05011176,-0.048590828,-0.025222555,3
926,-0.06704048,-0.0670821,-0.036012106,-0.047383316,-0.045998123,-0.023172177,3
927,-0.06612559,-0.06617477,-0.036649615,-0.046797473,-0.045665976,-0.02362434,3
928,-0.06298481,-0.06268805,-0.03611626,-0.043972325,-0.043044794,-0.023164846,3
929,-0.060180943,-0.060280062,-0.033700664,-0.04166654,-0.041051596,-0.02159547,3
930,-0.055784088,-0.05620402,-0.031229356,-0.03808486,-0.03823094,-0.0197744,3
931,-0.053231314,-0.053477835,-0.029014362,-0.036750395,-0.03715462,-0.018558512,3
932,-0.050517425,-0.051200897,-0.027841264,-0.03525344,-0.035685033,-0.017937532,3
933,-0.04815955,-0.049027994,-0.02703833,-0.03377715,-0.034163814,-0.017387308,3
934,-0.046516567,-0.047281306,-0.026075201,-0.03221216,-0.032674797,-0.016788835,3
935,-0.04450809,-0.045326225,-0.02448396,-0.03098279,-0.031089263,-0.015730387,3
936,-0.04294664,-0.043726552,-0.023886222,-0.030386478,-0.030056905,-0.015148077,3
937,-0.039783563,-0.040264305,-0.022675779,-0.028647322,-0.028222682,-0.014325891,3
938,-0.03842999,-0.03865707,-0.021417726,-0.027680775,-0.027401924,-0.013458622,3
939,-0.037762467,-0.03828121,-0.020825805,-0.027301572,-0.026705487,-0.013318368,3
940,-0.036906324,-0.03733383,-0.020797562,-0.026383309,-0.025744457,-0.013290494,3
941,-0.03602904,-0.03660248,-0.020338103,-0.025312228,-0.024956254,-0.0132339755,3
942,-0.03480976,-0.03520069,-0.019532239,-0.024624899,-0.024512967,-0.012392131,3
943,-0.033909693,-0.034152728,-0.019284895,-0.024384232,-0.024283016,-0.0123087745,3
944,-0.0324591,-0.032789752,-0.018590206,-0.023866892,-0.02359557,-0.01188871,3
945,-0.031991303,-0.032173123,-0.018108988,-0.023328042,-0.023356844,-0.011569426,3
946,-0.03181672,-0.03203986,-0.018137766,-0.023143535,-0.022970363,-0.011590817,3
947,-0.032462332,-0.032672368,-0.018052896,-0.02368279,-0.023415653,-0.0114375595,3
948,-0.032170158,-0.03258039,-0.018134193,-0.023292368,-0.023074728,-0.011410326,3
949,-0.03303053,-0.03333932,-0.018378934,-0.023813387,-0.023701837,-0.011628323,3
950,-0.033939023,-0.034317646,-0.018634146,-0.024277005,-0.023972377,-0.011742773,3
951,-0.035047885,-0.035253253,-0.018906465,-0.025013376,-0.02441135,-0.011974294,3
952,-0.03519982,-0.03535411,-0.019008316,-0.025332753,-0.02462265,-0.011912039,3
953,-0.036189143,-0.036396276,-0.019950733,-0.026010346,-0.025245905,-0.012532161,3
954,-0.038311888,-0.03862073,-0.021695139,-0.027291823,-0.026647978,-0.013636475,3
955,-0.04083175,-0.04128065,-0.022768376,-0.02825725,-0.027591364,-0.014397754,3
956,-0.04479151,-0.045157664,-0.024528135,-0.030914124,-0.030776903,-0.015637493,3
957,-0.046571538,-0.047652584,-0.02526374,-0.032106053,-0.032489225,-0.01644912,3
958,-0.048317745,-0.048761833,-0.026866458,-0.033163715,-0.0333423,-0.017218176,3
959,-0.050557677,-0.05150641,-0.027692579,-0.034782648,-0.034969527,-0.017808683,3
960,-0.05238084,-0.053119387,-0.029203586,-0.036531955,-0.036441,-0.018547688,3
961,-0.056371134,-0.056874108,-0.031442262,-0.039514475,-0.038896237,-0.019686282,3
962,-0.061737694,-0.061549194,-0.034825183,-0.043045424,-0.042310253,-0.022624953,3
963,-0.065856695,-0.06589436,-0.03791643,-0.046482123,-0.04488936,-0.024509624,3
964,-0.06645236,-0.06707041,-0.036919434,-0.047963347,-0.04673065,-0.023546543,3
965,-0.07033878,-0.07061392,-0.04057103,-0.051691625,-0.049392264,-0.025667826,3
966,-0.07566741,-0.075983234,-0.043861486,-0.055504024,-0.05293575,-0.027843978,3
967,-0.08238011,-0.08362703,-0.04520039,-0.058304552,-0.05741219,-0.02832989,3
968,-0.09096685,-0.09227154,-0.04993603,-0.063017346,-0.063317165,-0.031687368,3
969,-0.099414304,-0.10074938,-0.05327115,-0.06883084,-0.069745526,-0.034114137,3
970,-0.10198727,-0.102397494,-0.05606258,-0.071070865,-0.07189473,-0.03591632,3
971,-0.10748715,-0.10877952,-0.0582381,-0.074289694,-0.07509881,-0.037512753,3
972,-0.116321795,-0.11790711,-0.06388323,-0.08105646,-0.0813787,-0.04061831,3
973,-0.12956552,-0.12973693,-0.070927955,-0.09064171,-0.0893706,-0.04542299,3
974,-0.13934472,-0.13706556,-0.07734482,-0.09750577,-0.09634566,-0.050260194,3
975,-0.14686766,-0.14519003,-0.08098414,-0.10350001,-0.10085728,-0.052617513,3
976,-0.15273674,-0.15346384,-0.084614284,-0.10946898,-0.10489594,-0.0555786,3
977,-0.1504815,-0.15288046,-0.082809225,-0.10867615,-0.10351561,-0.05316505,3
978,-0.15525803,-0.15803352,-0.08580629,-0.11217438,-0.10842413,-0.05593794,3
979,-0.15380873,-0.15594617,-0.08584993,-0.1092763,-0.10640644,-0.05598918,3
980,-0.15708376,-0.15796849,-0.087196834,-0.10856485,-0.10703338,-0.056573637,3
981,-0.1565109,-0.15767276,-0.08271955,-0.10741032,-0.10583185,-0.053660657,3
982,-0.14899947,-0.15001355,-0.079879716,-0.10360826,-0.10318109,-0.051385563,3
983,-0.14276455,-0.14409989,-0.076226465,-0.097829506,-0.09846887,-0.049531344,3
984,-0.13729136,-0.13858972,-0.07637362,-0.093822524,-0.094574206,-0.049905915,3
985,-0.13337204,-0.13441697,-0.07441528,-0.09114531,-0.09282259,-0.048450727,3
986,-0.12547885,-0.12800257,-0.06739352,-0.08538001,-0.08805329,-0.043750945,3
987,-0.11855969,-0.12080606,-0.06506762,-0.08169984,-0.08161532,-0.042543683,3
988,-0.10891467,-0.11154578,-0.058938056,-0.07541228,-0.07377787,-0.03792088,3
989,-0.0987909,-0.10014881,-0.053585757,-0.068948396,-0.06729893,-0.03452594,3
990,-0.09273542,-0.0940818,-0.050369263,-0.065148,-0.06369491,-0.032483183,3
991,-0.0914697,-0.09216768,-0.049938407,-0.063792236,-0.06267985,-0.031992298,3
992,-0.08629159,-0.08655326,-0.048426215,-0.060237683,-0.059222043,-0.030894026,3
993,-0.08141526,-0.081393085,-0.045828205,-0.056115095,-0.055349138,-0.02954861,3
994,-0.076397404,-0.07625331,-0.04140663,-0.05263034,-0.052704696,-0.026678102,3
995,-0.07194051,-0.072611645,-0.03785654,-0.04952224,-0.050140712,-0.024322294,3
996,-0.06618745,-0.06702714,-0.03541926,-0.045560922,-0.046050176,-0.02288512,3
997,-0.0644344,-0.06560614,-0.03535519,-0.044394046,-0.044649955,-0.022594409,3
998,-0.06090497,-0.06224526,-0.033249006,-0.042776737,-0.04245026,-0.02178018,3
999,-0.05761889,-0.059160925,-0.031519562,-0.040583447,-0.03977178,-0.020440552,3
